Q No.,Question,Answer,Domain,Sub-Domain
1,"যদি একটি আয়তক্ষেত্রাকার বাক্সের দৈর্ঘ্য ১০ ইঞ্চি, প্রস্থ ৫ ইঞ্চি এবং উচ্চতা ৩ ইঞ্চি হয় তবে বাক্সের মোট আয়তন কত?",১৫০,Math,Math
2,১অনু বেনজিনে কয়টা কার্বন আছে?,৬,Chemistry,Chemistry
3,ময়না ২০মি/সে বেগে ১০ মিনিট দৌড়ালে কত পথ অতিক্রম করবে? ,১২০০০,Physics,Physics
4,একটি ফিটকিরি অনু তে কয়টি অক্সিজেন আছে?,৪০,Chemistry,Chemistry
5,একটিি বক্সে ৬টা লাল ও ৪টা সাদা বল আছে। একটি বল দৈবভাবে নেয়া হলে বলটি লাল হওয়ার সম্ভাবনা কত?,০.৬০,Math,Probability
6,দশমিক সংখ্যা ২৫ এর বাইনারি কত?,১১০০১,CS,CS
7,৫% মুনাফা হারে ১০ বছরে ১০০০০ টাকা থেকে কত টাকা লাভ পাওয়া যাবে?,২৫০০,Math,Math
8,১ মোল ইথানল এবং ১ মোল অক্সিজেনের সমন্বয়ে গঠিত জলের পরিমাণ গ্রামে নির্ণয় করুন।,১৮,Chemistry,Chemistry
9,একটি বাইক ৭ সেকেন্ডে ২১ মিটার ভ্রমণ করেছে। বাইকের গড় গতি সেকেন্ডে কত মিটার তা বের করুন।,৩,Physics,Physics
10,কার্বন মনোক্সাইড এর ৯ মোলের ভর কত গ্রাম?,২৫২,Chemistry,Chemistry
11,অ্যালুমিনিয়াম হাইড্রোক্সাইড এ অ্যালুমিনিয়াম এর ভর শতাংশে নির্ণয় কর।,৩৪.৬,Chemistry,Chemistry
12,একটি ট্রেন গড়ে ১০ মি/সেকেন্ড গতিতে ৮০ মিটার কভার করে। যাত্রার মোট সময়কাল কত?,৮,Physics,Physics
13,একজন লোক প্রথম দিন এক টাকা জমায়। পরবর্তী দিন গুলুতে সে আগের দিনের দিগুন টাকা জমায়। এভাবে মাসের শেষ দিনে কত টাকা জমাতে পারবে? ,৫৩৬৮৭০৯১২,Math,Math
14,জানুয়ারী মাসে জিসানের জন্মদিন হওয়ার সম্ভাবনা কত?,১/১২,Math,Probability
15,এপ্রিল মাসের ৩১ তারিখ  জিসানের জন্মদিন হওয়ার সম্ভাবনা কত?,০,Math,Probability
16,"যদি জিসানের জন্মদিন জানুয়ারী মাসে হয়, তবে জানুয়ারী মাসের ৩১ তারিখ  জিসানের জন্মদিন হওয়ার সম্ভাবনা কত?",১/৩১,Math,Probability
17,যদি আবির গড়ে ১০০ মি/সেকেন্ড গতিতে ১০০০ মিটার প্রতিযোগিতায় অংশ নেয় এবং প্রতিযোগিতায় জিতার জন্য ২০ সেকেন্ডের আগে প্রতিযোগিতা শেষ করতে হয় তবে আবিরের জিতার সম্ভাবনা কত?,১,Math,Probability
18,যদি আবির গড়ে ৫০ মি/সেকেন্ড গতিতে ১০০০ মিটার প্রতিযোগিতায় অংশ নেয় এবং প্রতিযোগিতায় জিতার জন্য ১০ সেকেন্ডের আগে প্রতিযোগিতা শেষ করতে হয় তবে আবিরের জিতার সম্ভাবনা কত?,০,Math,Probability
19,৩০ ডিগ্রি সেলসিয়াস তাপমাত্রা সমান কত ডিগ্রি ফারেনহাইট?,৮৬,Physics,Physics
20,-৮০.৬৫ ডিগ্রি সেলসিয়াস তাপমাত্রা সমান কত ডিগ্রি ফারেনহাইট?,-১১৩.১৭,Physics,Physics
21,৫০ ডিগ্রি ফারেনহাইট তাপমাত্রা সমান কত ডিগ্রি সেলসিয়াস ?,১০,Physics,Physics
22,৩০০ কেলভিন তাপমাত্রা সমান কত ডিগ্রি ফারেনহাইট?,৮০.৩৩,Physics,Physics
23,৩৩০.৭৬ কেলভিন তাপমাত্রা সমান কত ডিগ্রি সেলসিয়াস ?,৫৭.৬১,Physics,Physics
24,একটি ত্রিভুজের ভুমির দৈর্ঘ্য ১০ মিটার এবং উচ্চতা ২০০ মিটার। ত্রিভুজের ক্ষেত্রফল কত?,১০০০,Math,Solid Geometry
25,একটি আয়তক্ষেত্রের দৈর্ঘ্য ১১.৫ মিটার এবং প্রস্থ ২২ মিটার। আয়তক্ষেত্রের ক্ষেত্রফল কত?,২৫৩,Math,Solid Geometry
26,একটি বর্গক্ষেত্রের দৈর্ঘ্য ১১.৫ মিটার। বর্গক্ষেত্রের ক্ষেত্রফল কত? ,১৩২.২৫,Math,Solid Geometry
27,একটি বর্গক্ষেত্রের দৈর্ঘ্য ১১.৫ মিটার। বর্গক্ষেত্রের কর্ণের দৈর্ঘ্য কত? ,১৬.২৬,Math,Solid Geometry
28,"একটি ট্রেন স্থির অবস্থা হতে চলতে শুরু করে ৬০০ মি দুরুত্ত অতিক্রম করলে ট্রেনের বেগ ১২০ মি/সে হয়, ত্বরণ বের কর।",১২,Physics,Physics
29,৯.৮ মি/সে বেগে একটি পাথরকে উপরের দিকে নিক্ষেপ করা হল। এটি কত সময় পরে ভুমিতে ফিরে আসবে?,২,Physics,Physics
30,২০০০ মিটার উচ্চতার একটি টাওয়ার থেকে একটি পাথরকে নিচের দিকে ফেলে দেয়া হল। এটি কত সময় পরে ভুমিতে পতিত হবে (অভিকর্ষজ ত্বরণ g = ১০)?,২০,Physics,Physics
31,একটি বস্তুর ভর ১০ কেজি এবং আয়তন ১০০ ঘন মিটার। বস্তুটির ঘনত্ব কত?,০.১০ ,Physics,Physics
32,একটি সমকোণী ত্রিভুজের ভুমি ১২ লম্ব ৫ হলে অতিভুজ কত?,১৩,Math,Solid Geometry
33,কোন সেটের সদস্য সংখ্যা ৫ হলে এর প্রকৃত উপসেট সংখ্যা কত?,৩১,Math,Set Function
34,কোন সেটের সদস্য সংখ্যা ৩ হলে এর প্রকৃত উপসেট সংখ্যা কত?,৭,Math,Set Function
35,কোন সেটের সদস্য সংখ্যা ৬ হলে এর উপসেট সংখ্যা কত?,৬৪,Math,Set Function
36,কোন সেটের সদস্য সংখ্যা ৫ হলে এর উপসেট সংখ্যা কত?,৩২,Math,Set Function
37,"A = {১,২,৩,৪} হলে এর প্রকৃত উপসেট সংখ্যা কত?",১৫,Math,Set Function
38,"A = {-১,১৩,২০,৫৬,৮৯} হলে এর প্রকৃত উপসেট সংখ্যা কত?",৩১,Math,Set Function
39,"A = {-১,২০,১৩৭,৬৫৬,৯৮৯} হলে এর উপসেট সংখ্যা কত?",৩২,Math,Set Function
40,"A = {-১২৩৫,-২৯০,১৩৪৭,১৫৬৭,৮৯২২,২০৩৩৪} হলে এর উপসেট সংখ্যা কত?",৬৪,Math,Set Function
41,"A = {১,২,৩,৪,৫} সেটের শক্তি সেটের উপাদান সংখ্যা কত?",৩২,Math,Set Function
42,"A = {১,৪,৬,৮} হলে, A x A নির্ণয় করলে কয়টি ক্রমজোড় পাওয়া যাবে?",১৬,Math,Set Function
43,"A = {৩,৪,৫,৮} সেটের শক্তি সেটের উপাদান সংখ্যা কত?",১৬,Math,Set Function
44,"A = {১,২,৩} হলে, A x A নির্ণয় করলে কয়টি ক্রমজোড় পাওয়া যাবে?",৯,Math,Set Function
45,"কিছু সংখ্যক ছাত্র-ছাত্রীর মধ্যে ৬০ জন ক্রিকেট, ৪০ জন ফুটবল, ২৫ জন দুইটি খেলা পছন্দ করে। কমপক্ষে একটি খেলা কতজন পছন্দ করে?",৭৫,Math,Set Function
46,৬০ জন ছাত্রের ৪০জন বাংলা ও ৩০ জন ইংরেজিতে পাশ করেছে। উভয় বিষয়ে ২০ জন পাশ করেছে। তাহলে শুধু বাংলায় কতজন পাশ করেছে? ,২০,Math,Set Function
47,৬০ জন ছাত্রের ৪০জন বাংলা ও ৩০ জন ইংরেজিতে পাশ করেছে। উভয় বিষয়ে ২০ জন পাশ করেছে। তাহলে অন্তত একটি বিষয়ে কতজন পাশ করেছে? ,৫০,Math,Set Function
48,৬০ জন ছাত্রের ৪০জন বাংলা ও ৩০ জন ইংরেজিতে পাশ করেছে। উভয় বিষয়ে ২০ জন পাশ করেছে। তাহলে উভয় বিষয়ে কতজন ফেল করেছে? ,১০,Math,Set Function
49,"একটি চাকার ব্যাস ১৪ সে.মি. হলে, এর পরিধির আসন্ন মান কত সে.মি.?",৪৩.৯৮,Math,Trigonometry
50,"একটি চাকার ব্যাস ৩.১৪১৬ মিটার হলে,  চাকাটির পরিধি কত মিটার?",৯.৮৭,Math,Trigonometry
51,পৃথিবীর ব্যাসার্ধ ৬৪৪০ কি.মি.। ঢাকা ও চট্টগ্রাম পৃথিবীর কেন্দ্রে ৩ ডিগ্রি কোণ উৎপন্ন করে। ঢাকা ও চট্টগ্রামের দূরত্ব কত কি.মি.?,৩৩৭.২০,Math,Trigonometry
52,পৃথিবীর ব্যাসার্ধ ৬৪৪০ কি.মি.। দিনাজপুর ও রংপুর পৃথিবীর কেন্দ্রে ৬ ডিগ্রি কোণ উৎপন্ন করে। দিনাজপুর ও রংপুরের দূরত্ব কত কি.মি.?,৬৭৪.৩৯,Math,Trigonometry
53,"দুইটি চাকার পরিধির পার্থক্য ৯০ সে.মি. হলে, তাদের ব্যাসার্ধের পার্থক্য কত সে.মি. ?",১৪.৩২,Math,Trigonometry
54,"দুইটি চাকার পরিধির পার্থক্য ৪০ সে.মি. হলে, তাদের ব্যাসের পার্থক্য কত সে.মি. ?",১২.৭৩,Math,Trigonometry
55,"দুইটি চাকার পরিধির পার্থক্য ১২০ সে.মি. হলে, তাদের ব্যাসার্ধের পার্থক্য কত সে.মি. ?",১৯.০৯,Math,Trigonometry
56,"দুইটি চাকার পরিধির পার্থক্য ৭০ সে.মি. হলে, তাদের ব্যাসের পার্থক্য কত সে.মি. ?",২২.২৮,Math,Trigonometry
57,"দুইটি চাকার পরিধির পার্থক্য ১২০ সে.মি. হলে, তাদের ব্যাসের পার্থক্য কত সে.মি. ?",৩৮.১৯,Math,Trigonometry
58,"দুইটি চাকার পরিধির পার্থক্য ৭০ সে.মি. হলে, তাদের ব্যাসার্ধের পার্থক্য কত সে.মি. ?",১১.১৪,Math,Trigonometry
59,"একটি চাকা ১.৭৫ কি.মি. পথ যেতে ৪০ বার ঘুরে, চাকাটির ব্যাসার্ধ কত মিটার?",৬.৯৬,Math,Trigonometry
60,"একটি চাকা ১.৭৫ কি.মি. পথ যেতে ৩০ বার ঘুরে, চাকাটির ব্যাসার্ধ কত মিটার?",৯.২৮,Math,Trigonometry
61,"একটি চাকা ৪ কি.মি. পথ যেতে ৭০ বার ঘুরে, চাকাটির ব্যাস কত মিটার?",১৮.১৮,Math,Trigonometry
62,"একটি চাকা ৩.২৫ কি.মি. পথ যেতে ২৫ বার ঘুরে, চাকাটির ব্যাস কত মিটার?",৪১.৩৮,Math,Trigonometry
63,"একটি চাকা ১২০ সে.মি. পথ যেতে ১২ বার ঘুরে, চাকাটির ব্যাস কত সে.মি.? ",৩.১৮,Math,Trigonometry
64,একটি চাকা বৃত্তাকার পথে ২৫০ মিটার পথ যেতে ৩৫ বার ঘুরে। চাকার ব্যাসার্ধ কত মিটার?,১.১৩,Math,Trigonometry
65,একটি গরুকে রশি দিয়ে এমনভাবে বাঁধা হল যেন গরুটি ১৪৪ বর্গ মি বৃত্তাকার মাঠের ঘাস খেতে পারে। মাঠের পরিসীমা কত মিটার?,৪২.৫৩,Math,Trigonometry
66,একটি গরুকে রশি দিয়ে এমনভাবে বাঁধা হল যেন গরুটি ২৫ বর্গ মি বৃত্তাকার মাঠের ঘাস খেতে পারে। মাঠের পরিসীমা কত মিটার?,১৭.৭২,Math,Trigonometry
67,একটি গরুকে রশি দিয়ে এমনভাবে বাঁধা হল যেন গরুটি ১৪৪ বর্গ মি বৃত্তাকার মাঠের ঘাস খেতে পারে। মাঠের ব্যাসার্ধ কত মিটার?,৬.৭৭,Math,Trigonometry
68,একটি গরুকে রশি দিয়ে এমনভাবে বাঁধা হল যেন গরুটি ২৫ বর্গ মি বৃত্তাকার মাঠের ঘাস খেতে পারে। মাঠের ব্যাসার্ধ কত মিটার?,২.৮২,Math,Trigonometry
69,একটি গরুকে রশি দিয়ে এমনভাবে বাঁধা হল যেন গরুটি ১৪৪ বর্গ মি বৃত্তাকার মাঠের ঘাস খেতে পারে। মাঠের ব্যাস কত মিটার?,১৩.৫৪,Math,Trigonometry
70,একটি গরুকে রশি দিয়ে এমনভাবে বাঁধা হল যেন গরুটি ২৫ বর্গ মি বৃত্তাকার মাঠের ঘাস খেতে পারে। মাঠের ব্যাস কত মিটার?,৫.৬৪,Math,Trigonometry
71,৫ সে.মি. ব্যাসার্ধের একটি বৃত্তের পরিধি ও ব্যাসের অনুপাত কত?,৩.১৪:১,Math,Trigonometry
72,১৫ মি ব্যাসার্ধের একটি বৃত্তের পরিধি ও ব্যাসের অনুপাত কত?,৩.১৪:১,Math,Trigonometry
73,৫ সে.মি. ব্যাসার্ধের একটি বৃত্তের পরিধি ও ব্যাসার্ধের অনুপাত কত?,৬.২৮:১,Math,Trigonometry
74,২০ মি ব্যাসার্ধের একটি বৃত্তের পরিধি ও ব্যাসার্ধের অনুপাত কত?,৬.২৮:১,Math,Trigonometry
75,একটি বৃত্তের ব্যাসার্ধ ৫ সে.মি.। বৃত্তে ১৩ সে.মি. দীর্ঘ চাপের কেন্দ্রস্থ কোণের পরিমাণ কত রেডিয়ান?,২.৬০,Math,Trigonometry
76,একটি বৃত্তের ব্যাসার্ধ ১৫ সে.মি.। বৃত্তে ৩ সে.মি. দীর্ঘ চাপের কেন্দ্রস্থ কোণের পরিমাণ কত রেডিয়ান?,০.২০,Math,Trigonometry
77,একটি বৃত্তের ব্যাস ৫ সে.মি.। বৃত্তে ১৩ সে.মি. দীর্ঘ চাপের কেন্দ্রস্থ কোণের পরিমাণ কত রেডিয়ান?,৫.২০,Math,Trigonometry
78,একটি বৃত্তের ব্যাস ৫ সে.মি.। বৃত্তে ১৫ সে.মি. দীর্ঘ চাপের কেন্দ্রস্থ কোণের পরিমাণ কত রেডিয়ান?,৬,Math,Trigonometry
79,২ সে.মি. ব্যাসার্ধ বিশিষ্ট বৃত্তের ২ সে.মি. দৈর্ঘ্যের একটি চাপ কেন্দ্রে কত রেডিয়ান কোণ ধারণ করে?,১,Math,Trigonometry
80,২ সে.মি. ব্যাসার্ধ বিশিষ্ট বৃত্তের ৮ সে.মি. দৈর্ঘ্যের একটি চাপ কেন্দ্রে কত রেডিয়ান কোণ ধারণ করে?,৪,Math,Trigonometry
81,২ সে.মি. ব্যাস বিশিষ্ট বৃত্তের ২ সে.মি. দৈর্ঘ্যের একটি চাপ কেন্দ্রে কত রেডিয়ান কোণ ধারণ করে?,২,Math,Trigonometry
82,২ সে.মি. ব্যাস বিশিষ্ট বৃত্তের ৮ সে.মি. দৈর্ঘ্যের একটি চাপ কেন্দ্রে কত রেডিয়ান কোণ ধারণ করে?,৮,Math,Trigonometry
83,"২ সে.মি. ব্যাসার্ধ বিশিষ্ট বৃত্তের একটি চাপ কেন্দ্রে ৯০ ডিগ্রি কোণ ধারণ করে, চাপটির দৈর্ঘ্য কত সে.মি. (প্রায়)?",৩.১৪,Math,Trigonometry
84,"২ সে.মি. ব্যাস বিশিষ্ট বৃত্তের একটি চাপ কেন্দ্রে ৯০ ডিগ্রি কোণ ধারণ করে, চাপটির দৈর্ঘ্য কত সে.মি. (প্রায়)?",১.৫৭,Math,Trigonometry
85,"২ সে.মি. ব্যাসার্ধ বিশিষ্ট বৃত্তের একটি চাপ কেন্দ্রে ১৮০ ডিগ্রি কোণ ধারণ করে, চাপটির দৈর্ঘ্য কত সে.মি. (প্রায়)?",৬.২৮,Math,Trigonometry
86,"২ সে.মি. ব্যাস বিশিষ্ট বৃত্তের একটি চাপ কেন্দ্রে ১৮০ ডিগ্রি কোণ ধারণ করে, চাপটির দৈর্ঘ্য কত সে.মি. (প্রায়)?",৩.১৪,Math,Trigonometry
87,"৩ সে.মি. ব্যাস বিশিষ্ট বৃত্তের একটি চাপ কেন্দ্রে ২ রেডিয়ান কোণ ধারণ করে, চাপটির দৈর্ঘ্য কত সে.মি. (প্রায়)?",৩,Math,Trigonometry
88,"৫ সে.মি. ব্যাস বিশিষ্ট বৃত্তের একটি চাপ কেন্দ্রে ৩ রেডিয়ান কোণ ধারণ করে, চাপটির দৈর্ঘ্য কত সে.মি. (প্রায়)?",৭.৫০,Math,Trigonometry
89,"৩ মি ব্যাসার্ধ বিশিষ্ট বৃত্তের একটি চাপ কেন্দ্রে ২ রেডিয়ান কোণ ধারণ করে, চাপটির দৈর্ঘ্য কত সে.মি. (প্রায়)?",৬০০,Math,Trigonometry
90,"৫ মিটার ব্যাসার্ধ বিশিষ্ট বৃত্তের একটি চাপ কেন্দ্রে ৩ রেডিয়ান কোণ ধারণ করে, চাপটির দৈর্ঘ্য কত মিটার (প্রায়)?",১৫,Math,Trigonometry
91,"৫ সে.মি. ব্যাসার্ধ বিশিষ্ট বৃত্তের একটি চাপ কেন্দ্রে ৬০ ডিগ্রি কোণ ধারণ করে, চাপটির দৈর্ঘ্য কত সে.মি. (প্রায়)?",৫.২৩,Math,Trigonometry
92,"৫ সে.মি. ব্যাস বিশিষ্ট বৃত্তের একটি চাপ কেন্দ্রে ৬০ ডিগ্রি কোণ ধারণ করে, চাপটির দৈর্ঘ্য কত সে.মি. (প্রায়)?",২.৬০,Math,Trigonometry
93,কোনো বৃত্তের ব্যাসার্ধ ৭ সে.মি.। বৃত্তের ১৪ সে.মি. দীর্ঘ চাপের কেন্দ্রস্থ কোণের পরিমাণ কত ডিগ্রি?,১১৪.৫৯,Math,Trigonometry
94,কোনো বৃত্তের ব্যাসার্ধ ১০ সে.মি.। বৃত্তের ৩৫ সে.মি. দীর্ঘ চাপের কেন্দ্রস্থ কোণের পরিমাণ কত ডিগ্রি?,২০০.৫৩,Math,Trigonometry
95,কোনো বৃত্তের ব্যাস ২০ সে.মি.। বৃত্তের ৫০ সে.মি. দীর্ঘ চাপের কেন্দ্রস্থ কোণের পরিমাণ কত ডিগ্রি?,২৮৬.৪৭,Math,Trigonometry
96,কোনো বৃত্তের ব্যাস ৭০.৫ সে.মি.। বৃত্তের ১১০.২৫ সে.মি. দীর্ঘ চাপের কেন্দ্রস্থ কোণের পরিমাণ কত ডিগ্রি?,১৭৯.২০,Math,Trigonometry
97,কোনো বৃত্তের ব্যাসার্ধ ৯ সে.মি.। বৃত্তের ১৫ সে.মি. দীর্ঘ চাপের কেন্দ্রস্থ কোণের বৃত্তীয় পরিমাপ কত?,১.৬৭,Math,Trigonometry
98,কোনো বৃত্তের ব্যাস ৯ সে.মি.। বৃত্তের ১৫ সে.মি. দীর্ঘ চাপের কেন্দ্রস্থ কোণের বৃত্তীয় পরিমাপ কত?,৩.৩৩,Math,Trigonometry
99,পৃথিবীর ব্যাসার্ধ ৬৪৪০ কি.মি.। ঢাকা ও চট্টগ্রাম পৃথিবীর কেন্দ্রে ৫ ডিগ্রি কোণ উৎপন্ন করে। ঢাকা ও চট্টগ্রামের দূরত্ব কত কি.মি.?,৫৬১.৯৯,Math,Trigonometry
100,পৃথিবীর ব্যাস ১২৮০০ কি.মি.। ঢাকা ও চট্টগ্রাম পৃথিবীর কেন্দ্রে ৪ ডিগ্রি কোণ উৎপন্ন করে। ঢাকা ও চট্টগ্রামের দূরত্ব কত কি.মি.?,৪৪৬.৮০,Math,Trigonometry
101,৪৫০ কিলোমিটার দূরে একটি বিন্দুতে কোনো পাহাড় ৭ ডিগ্রি কোণ উৎপন্ন করে। পাহাড়টির উচ্চতা কত মিটার?,৫৪৯৭৭.৮৭,Math,Trigonometry
102,৫০০ কিলোমিটার দূরে একটি বিন্দুতে কোনো পাহাড় ৫ ডিগ্রি কোণ উৎপন্ন করে। পাহাড়টির উচ্চতা কত মিটার?,৪৩৬৩৩.২৩,Math,Trigonometry
103,২০০ কিলোমিটার দূরে একটি বিন্দুতে কোনো পাহাড় ২ রেডিয়ান কোণ উৎপন্ন করে। পাহাড়টি কত  কিলোমিটার উঁচু?,৪০০,Math,Trigonometry
104,১৫০ কিলোমিটার দূরে একটি বিন্দুতে কোনো পাহাড় ২.৫০ রেডিয়ান কোণ উৎপন্ন করে। পাহাড়টি কত  কিলোমিটার উঁচু?,৩৭৫,Math,Trigonometry
105,দুইটি কোণের সমষ্টি ৬০ ডিগ্রি এবং অন্তর ৩০ ডিগ্রি। বৃহত্তম কোণটি কত ডিগ্রি?,৪৫,Math,Trigonometry
106,দুইটি কোণের সমষ্টি ৬০ ডিগ্রি এবং অন্তর ৩০ ডিগ্রি। ক্ষুদ্রতম কোণটি কত ডিগ্রি?,১৫,Math,Trigonometry
107,একটি ত্রিভুজের কোণগুলো সমান্তর ধারাভুক্ত। ক্ষুদ্রতম কোণটি বৃহত্তম কোণের অর্ধেক । বৃহত্তম কোণের মান কত ডিগ্রি?,৮০,Math,Trigonometry
108,একটি ত্রিভুজের কোণগুলো সমান্তর ধারাভুক্ত। ক্ষুদ্রতম কোণটি বৃহত্তম কোণের অর্ধেক । ক্ষুদ্রতম কোণের মান কত ডিগ্রি?,৪০,Math,Trigonometry
109,৬০ ডিগ্রিকে রেডিয়ানে প্রকাশ করলে কত হবে?,১.০৪,Math,Trigonometry
110,১৮০ ডিগ্রিকে রেডিয়ানে প্রকাশ করলে কত হবে?,৩.১৪,Math,Trigonometry
111,২ রেডিয়ানকে ডিগ্রিতে প্রকাশ করলে কত হবে?,১১৪.৫৯,Math,Trigonometry
112,১ রেডিয়ানকে ডিগ্রিতে প্রকাশ করলে কত হবে?,৫৭.২৯,Math,Trigonometry
113,৫০ ডিগ্রি কোণের পুরক কোণ কত?,৪০,Math,Trigonometry
114,২৫.৫৫ ডিগ্রি কোণের পুরক কোণ কত?,৬৪.৪৫,Math,Trigonometry
115,৬০ ডিগ্রি কোণের সম্পুরক কোণ কত?,১২০,Math,Trigonometry
116,৭০.৫০ ডিগ্রি কোণের সম্পুরক কোণ কত?,১০৯.৫০,Math,Trigonometry
117,১১০ ডিগ্রি কোণের সম্পুরক কোণকে বৃত্তীয় পদ্ধতিতে প্রকাশ করলে কত হবে?,১.২২,Math,Trigonometry
118,৯০ ডিগ্রি কোণের সম্পুরক কোণকে বৃত্তীয় পদ্ধতিতে প্রকাশ করলে কত হবে?,১.৫৭,Math,Trigonometry
119,৫০ ডিগ্রি কোণের পুরক কোণকে বৃত্তীয় পদ্ধতিতে প্রকাশ করলে কত হবে?,০.৬৯,Math,Trigonometry
120,৭০ ডিগ্রি কোণের পুরক কোণকে বৃত্তীয় পদ্ধতিতে প্রকাশ করলে কত হবে?,০.৩৪,Math,Trigonometry
121,একটি গাড়ির চাকার ব্যাস ০.৮ মিটার এবং চাকাটি প্রতি সেকেন্ডে ৬ বার ঘুরে। গাড়িটির গতিবেগ কত কিলোমিটার/ঘণ্টা?,৫৪.২৮,Math,Trigonometry
122,একটি গাড়ির চাকার ব্যাস ০.৪ মিটার এবং চাকাটি প্রতি সেকেন্ডে ৪ বার ঘুরে। গাড়িটির গতিবেগ কত কিলোমিটার/ঘণ্টা?,১৮.০৯,Math,Trigonometry
123,একটি গাড়ির চাকার ব্যাসার্ধ ০.৮ মিটার এবং চাকাটি প্রতি সেকেন্ডে ৬ বার ঘুরে। গাড়িটির গতিবেগ কত কিলোমিটার/ঘণ্টা?,১০৮.৫৭,Math,Trigonometry
124,একটি গাড়ির চাকার ব্যাসার্ধ ০.২ মিটার এবং চাকাটি প্রতি সেকেন্ডে ৫ বার ঘুরে। গাড়িটির গতিবেগ কত কিলোমিটার/ঘণ্টা?,২২.৬১,Math,Trigonometry
125,৪ টার সময় ঘড়ির ঘণ্টা এবং মিনিটের কাঁটার অন্তর্ভুক্ত কোণ কত ডিগ্রি হবে?,১২০,Math,Trigonometry
126,সকাল ৮ঃ৩০ টার সময় ঘড়ির ঘণ্টা এবং মিনিটের কাঁটার অন্তর্ভুক্ত কোণ কত ডিগ্রি হবে?,৭৫,Math,Trigonometry
127,সকাল ৮ঃ২০ টার সময় ঘড়ির ঘণ্টা এবং মিনিটের কাঁটার অন্তর্ভুক্ত কোণ কত ডিগ্রি হবে?,১৩০,Math,Trigonometry
128,দুপুর ১ঃ২০ টার সময় ঘড়ির ঘণ্টা এবং মিনিটের কাঁটার অন্তর্ভুক্ত কোণ কত ডিগ্রি হবে?,৮০,Math,Trigonometry
129,০.৫০ মিটার ব্যাসার্ধ বিশিষ্ট একটি চাকা একবার ঘুরলে কত মিটার দূরত্ব অতিক্রম করবে? ,৩.১৪,Math,Trigonometry
130,০.২৫ মিটার ব্যাসার্ধ বিশিষ্ট একটি চাকা একবার ঘুরলে কত মিটার দূরত্ব অতিক্রম করবে? ,১.৫৭,Math,Trigonometry
131,০.৫০ মিটার ব্যাস বিশিষ্ট একটি চাকা একবার ঘুরলে কত মিটার দূরত্ব অতিক্রম করবে? ,১.৫৭,Math,Trigonometry
132,০.২০ মিটার ব্যাস বিশিষ্ট একটি চাকা একবার ঘুরলে কত মিটার দূরত্ব অতিক্রম করবে? ,০.৬২,Math,Trigonometry
133,একটি সমকোণী ত্রিভুজের লম্ব ও ভুমি যথাক্রমে ৩ ও ৪ হলে এর অতিভুজ কত?,৫,Math,Trigonometry
134,একটি সমকোণী ত্রিভুজের লম্ব ও ভুমি যথাক্রমে ৫ ও ১২ হলে এর অতিভুজ কত?,১৩,Math,Trigonometry
135,একটি সমকোণী ত্রিভুজের লম্ব ও অতিভুজ যথাক্রমে ৪ ও ৫ হলে এর ভুমি কত?,৩,Math,Trigonometry
136,একটি সমকোণী ত্রিভুজের লম্ব ও অতিভুজ যথাক্রমে ৫ ও ১৩ হলে এর ভুমি কত?,১২,Math,Trigonometry
137,একটি সমকোণী ত্রিভুজের ভুমি ও অতিভুজ যথাক্রমে ৩ ও ৫ হলে এর লম্ব কত?,৪,Math,Trigonometry
138,একটি সমকোণী ত্রিভুজের ভুমি ও অতিভুজ যথাক্রমে ১২ ও ১৩ হলে এর লম্ব কত?,৫,Math,Trigonometry
139,"একটি আয়তকার ঘনবস্তুর দৈর্ঘ্য ৫ সে.মি., প্রস্থ ৪ সে.মি. এবং উচ্চতা ৩ সে.মি. হলে এর কর্ণ কত সে.মি.?",৭.০৭,Math,Solid Geometry
140,"একটি আয়তকার ঘনবস্তুর দৈর্ঘ্য ১২ সে.মি., প্রস্থ ৫ সে.মি. এবং উচ্চতা ৪ সে.মি. হলে এর কর্ণ কত সে.মি.?",১৩.৬০,Math,Solid Geometry
141,"একটি আয়তকার ঘনবস্তুর দৈর্ঘ্য ৫ সে.মি., প্রস্থ ৫ সে.মি. এবং উচ্চতা ৫ সে.মি. হলে এর কর্ণ কত সে.মি.?",৮.৬৬,Math,Solid Geometry
142,"একটি আয়তকার ঘনবস্তুর দৈর্ঘ্য ১ সে.মি., প্রস্থ ১ সে.মি. এবং উচ্চতা ১ সে.মি. হলে এর কর্ণ কত সে.মি.?",১.৭৩,Math,Solid Geometry
143,"একটি আয়তকার ঘনবস্তুর দৈর্ঘ্য ৩ সে.মি., কর্ণ  ৫ সে.মি. এবং উচ্চতা ৩ সে.মি. হলে এর প্রস্থ কত সে.মি.?",২.৬৪,Math,Solid Geometry
144,"একটি আয়তকার ঘনবস্তুর দৈর্ঘ্য ৮ সে.মি., কর্ণ  ৯ সে.মি. এবং উচ্চতা ৪ সে.মি. হলে এর প্রস্থ কত সে.মি.?",১,Math,Solid Geometry
145,২ সে.মি. ব্যাসের একটি গোলক আকৃতির বল একটি সিলিন্ডার আকৃতির বাক্সে ঠিকভাবে এঁটে যায়। সিলিন্ডারটির আয়তন কত ঘন সে.মি.?,৬.২৮,Math,Solid Geometry
146,৪ সে.মি. ব্যাসের একটি গোলক আকৃতির বল একটি সিলিন্ডার আকৃতির বাক্সে ঠিকভাবে এঁটে যায়। সিলিন্ডারটির আয়তন কত ঘন সে.মি.?,৫০.২৬,Math,Solid Geometry
147,২ সে.মি. ব্যাসার্ধের একটি গোলক আকৃতির বল একটি সিলিন্ডার আকৃতির বাক্সে ঠিকভাবে এঁটে যায়। সিলিন্ডারটির আয়তন কত ঘন সে.মি.?,৫০.২৬,Math,Solid Geometry
148,৪ সে.মি. ব্যাসার্ধের একটি গোলক আকৃতির বল একটি সিলিন্ডার আকৃতির বাক্সে ঠিকভাবে এঁটে যায়। সিলিন্ডারটির আয়তন কত ঘন সে.মি.?,৪০২.১২,Math,Solid Geometry
149,২ সে.মি. ব্যাসের একটি গোলক আকৃতির বল একটি সিলিন্ডার আকৃতির বাক্সে ঠিকভাবে এঁটে যায়। সিলিন্ডারটির অনধিকৃত অংশের আয়তন কত ঘন সে.মি.?,২.০৯,Math,Solid Geometry
150,৪ সে.মি. ব্যাসের একটি গোলক আকৃতির বল একটি সিলিন্ডার আকৃতির বাক্সে ঠিকভাবে এঁটে যায়। সিলিন্ডারটির অনধিকৃত অংশের আয়তন কত ঘন সে.মি.?,১৬.৭৫,Math,Solid Geometry
151,২ সে.মি. ব্যাসার্ধের একটি গোলক আকৃতির বল একটি সিলিন্ডার আকৃতির বাক্সে ঠিকভাবে এঁটে যায়। সিলিন্ডারটির অনধিকৃত অংশের আয়তন কত ঘন সে.মি.?,১৬.৭৪,Math,Solid Geometry
152,৪ সে.মি. ব্যাসার্ধের একটি গোলক আকৃতির বল একটি সিলিন্ডার আকৃতির বাক্সে ঠিকভাবে এঁটে যায়। সিলিন্ডারটির অনধিকৃত অংশের আয়তন কত ঘন সে.মি.?,১৩৪.০৪,Math,Solid Geometry
153,৬ সে.মি. ব্যাস বিশিষ্ট একটি ধাতব কঠিন গোলককে গলিয়ে ৩ সে.মি. ব্যাসার্ধের একটি সমবৃত্তভুমিক সিলিন্ডার তৈরি করা হল। উৎপন্ন সিলিন্ডারটির উচ্চতা কত সে.মি.?,৪,Math,Solid Geometry
154,৫ সে.মি. ব্যাস বিশিষ্ট একটি ধাতব কঠিন গোলককে গলিয়ে ৩ সে.মি. ব্যাসার্ধের একটি সিলিন্ডার তৈরি করা হল। উৎপন্ন সিলিন্ডারটির উচ্চতা কত সে.মি.?,২.৩১,Math,Solid Geometry
155,৩ সে.মি. ব্যাসার্ধের  একটি ধাতব কঠিন গোলককে গলিয়ে ১ সে.মি. ব্যাসার্ধের একটি সিলিন্ডার তৈরি করা হল। উৎপন্ন সিলিন্ডারটির উচ্চতা কত সে.মি.?,৩৬,Math,Solid Geometry
156,৬ সে.মি. ব্যাসার্ধের একটি ধাতব কঠিন গোলককে গলিয়ে ৩ সে.মি. ব্যাসার্ধের একটি সিলিন্ডার তৈরি করা হল। উৎপন্ন সিলিন্ডারটির উচ্চতা কত সে.মি.?,৩২,Math,Solid Geometry
157,৬ সে.মি. ব্যাস বিশিষ্ট একটি ধাতব কঠিন গোলককে গলিয়ে ৪ সে.মি. উচ্চতার একটি  সিলিন্ডার তৈরি করা হল। উৎপন্ন সিলিন্ডারটির ব্যাসার্ধ কত সে.মি.?,৩,Math,Solid Geometry
158,৩ সে.মি. ব্যাসার্ধের  একটি ধাতব কঠিন গোলককে গলিয়ে ৩৬ সে.মি. উচ্চতার একটি  সিলিন্ডার তৈরি করা হল। উৎপন্ন সিলিন্ডারটির ব্যাসার্ধ কত সে.মি.?,১,Math,Solid Geometry
159,৬ সে.মি. ব্যাসার্ধের একটি ধাতব কঠিন গোলককে গলিয়ে ৩২ সে.মি. উচ্চতার একটি  সিলিন্ডার তৈরি করা হল। উৎপন্ন সিলিন্ডারটির ব্যাসার্ধ কত সে.মি.?,৩,Math,Solid Geometry
160,৬ সে.মি. ব্যাস বিশিষ্ট একটি ধাতব কঠিন গোলককে গলিয়ে ৩ সে.মি. ব্যাসার্ধের একটি সমবৃত্তভুমিক সিলিন্ডার তৈরি করা হল। উৎপন্ন সিলিন্ডারটির বক্রতলের ক্ষেত্রফল কত বর্গ সে.মি.?,৭৫.৩৯,Math,Solid Geometry
161,৫ সে.মি. ব্যাস বিশিষ্ট একটি ধাতব কঠিন গোলককে গলিয়ে ৩ সে.মি. ব্যাসার্ধের একটি সিলিন্ডার তৈরি করা হল। উৎপন্ন সিলিন্ডারটির বক্রতলের ক্ষেত্রফল কত বর্গ সে.মি.?,২১.৭৭,Math,Solid Geometry
162,৩ সে.মি. ব্যাসার্ধের  একটি ধাতব কঠিন গোলককে গলিয়ে ১ সে.মি. ব্যাসার্ধের একটি সিলিন্ডার তৈরি করা হল। উৎপন্ন সিলিন্ডারটির বক্রতলের ক্ষেত্রফল কত বর্গ সে.মি.?,২২৬.১৯,Math,Solid Geometry
163,৬ সে.মি. ব্যাসার্ধের একটি ধাতব কঠিন গোলককে গলিয়ে ৩ সে.মি. ব্যাসার্ধের একটি সিলিন্ডার তৈরি করা হল। উৎপন্ন সিলিন্ডারটির বক্রতলের ক্ষেত্রফল কত বর্গ সে.মি.?,৬০৩.১৮,Math,Solid Geometry
164,৬ সে.মি. ব্যাস বিশিষ্ট একটি ধাতব কঠিন গোলককে গলিয়ে ৪ সে.মি. উচ্চতার একটি  সিলিন্ডার তৈরি করা হল। উৎপন্ন সিলিন্ডারটির বক্রতলের ক্ষেত্রফল কত বর্গ সে.মি.?,৭৫.৩৯,Math,Solid Geometry
165,৩ সে.মি. ব্যাসার্ধের  একটি ধাতব কঠিন গোলককে গলিয়ে ৩৬ সে.মি. উচ্চতার একটি  সিলিন্ডার তৈরি করা হল। উৎপন্ন সিলিন্ডারটির বক্রতলের ক্ষেত্রফল কত বর্গ সে.মি.?,২২৬.১৯,Math,Solid Geometry
166,৬ সে.মি. ব্যাসার্ধের একটি ধাতব কঠিন গোলককে গলিয়ে ৩২ সে.মি. উচ্চতার একটি  সিলিন্ডার তৈরি করা হল। উৎপন্ন সিলিন্ডারটির বক্রতলের ক্ষেত্রফল কত বর্গ সে.মি.?,৬০৩.১৮,Math,Solid Geometry
167,৬ সে.মি. ব্যাস বিশিষ্ট একটি ধাতব কঠিন গোলককে গলিয়ে ৩ সে.মি. ব্যাসার্ধের একটি সমবৃত্তভুমিক সিলিন্ডার তৈরি করা হল। উৎপন্ন সিলিন্ডারটির সমগ্রতলের ক্ষেত্রফল কত বর্গ সে.মি.?,১৩১.৯৪,Math,Solid Geometry
168,৩ সে.মি. ব্যাসার্ধের  একটি ধাতব কঠিন গোলককে গলিয়ে ১ সে.মি. ব্যাসার্ধের একটি সিলিন্ডার তৈরি করা হল। উৎপন্ন সিলিন্ডারটির সমগ্রতলের ক্ষেত্রফল কত বর্গ সে.মি.?,২৩২.৪৭,Math,Solid Geometry
169,৬ সে.মি. ব্যাসার্ধের একটি ধাতব কঠিন গোলককে গলিয়ে ৩ সে.মি. ব্যাসার্ধের একটি সিলিন্ডার তৈরি করা হল। উৎপন্ন সিলিন্ডারটির সমগ্রতলের ক্ষেত্রফল কত বর্গ সে.মি.?,৬৫৯.৭৩,Math,Solid Geometry
170,৬ সে.মি. ব্যাস বিশিষ্ট একটি ধাতব কঠিন গোলককে গলিয়ে ৪ সে.মি. উচ্চতার একটি  সিলিন্ডার তৈরি করা হল। উৎপন্ন সিলিন্ডারটির সমগ্রতলের ক্ষেত্রফল কত বর্গ সে.মি.?,১৩১.৯৪,Math,Solid Geometry
171,৩ সে.মি. ব্যাসার্ধের  একটি ধাতব কঠিন গোলককে গলিয়ে ৩৬ সে.মি. উচ্চতার একটি  সিলিন্ডার তৈরি করা হল। উৎপন্ন সিলিন্ডারটির সমগ্রতলের ক্ষেত্রফল কত বর্গ সে.মি.?,২৩২.৪৭,Math,Solid Geometry
172,৬ সে.মি. ব্যাসার্ধের একটি ধাতব কঠিন গোলককে গলিয়ে ৩২ সে.মি. উচ্চতার একটি  সিলিন্ডার তৈরি করা হল। উৎপন্ন সিলিন্ডারটির সমগ্রতলের ক্ষেত্রফল কত বর্গ সে.মি.?,৬৫৯.৭৩,Math,Solid Geometry
173,৬ সে.মি. ব্যাসের একটি গোলক আকৃতির বল একটি ঘনক আকৃতির বাক্সে ঠিকভাবে এঁটে যায়। বাক্সের আয়তন কত ঘন সে.মি.?,২১৬,Math,Solid Geometry
174,১০ সে.মি. ব্যাসের একটি গোলক আকৃতির বল একটি ঘনক আকৃতির বাক্সে ঠিকভাবে এঁটে যায়। বাক্সের আয়তন কত ঘন সে.মি.?,১০০০,Math,Solid Geometry
175,৬ সে.মি. ব্যাসার্ধের  একটি গোলক আকৃতির বল একটি ঘনক আকৃতির বাক্সে ঠিকভাবে এঁটে যায়। বাক্সের আয়তন কত ঘন সে.মি.?,১৭২৮,Math,Solid Geometry
176,১০ সে.মি. ব্যাসার্ধের  একটি গোলক আকৃতির বল একটি ঘনক আকৃতির বাক্সে ঠিকভাবে এঁটে যায়। বাক্সের আয়তন কত ঘন সে.মি.?,৮০০০,Math,Solid Geometry
177,৩ সে.মি. ব্যাসার্ধের একটি গোলক আকৃতির বল একটি ঘনক আকৃতির বাক্সে ঠিকভাবে এঁটে যায়। বাক্সের আয়তন কত ঘন সে.মি.?,২১৬,Math,Solid Geometry
178,একটি বর্গের কর্ণের দৈর্ঘ্য ৮√২ সে.মি. হলে এর ক্ষেত্রফল কত বর্গ সে.মি.?,৬৪,Math,Solid Geometry
179,একটি বর্গের কর্ণের দৈর্ঘ্য ৪√২ সে.মি. হলে এর ক্ষেত্রফল কত বর্গ সে.মি.?,১৬,Math,Solid Geometry
180,একটি বর্গের কর্ণের দৈর্ঘ্য ২√২ সে.মি. হলে এর ক্ষেত্রফল কত বর্গ সে.মি.?,৪,Math,Solid Geometry
181,একটি বর্গের কর্ণের দৈর্ঘ্য ৩√২ সে.মি. হলে এর ক্ষেত্রফল কত বর্গ সে.মি.?,৯,Math,Solid Geometry
182,একটি বর্গের কর্ণের দৈর্ঘ্য √২ সে.মি. হলে এর ক্ষেত্রফল কত বর্গ সে.মি.?,১,Math,Solid Geometry
183,একটি বর্গের কর্ণের দৈর্ঘ্য ৫√২ সে.মি. হলে এর ক্ষেত্রফল কত বর্গ সে.মি.?,২৫,Math,Solid Geometry
184,"একটি আয়তকার ঘনবস্তুর দৈর্ঘ্য ১২ সে.মি., প্রস্থ ৯ সে.মি. এবং উচ্চতা ৬ সে.মি. হলে এর আয়তন কত ঘন সে.মি.?",৬৪৮,Math,Solid Geometry
185,"একটি আয়তকার ঘনবস্তুর দৈর্ঘ্য ৫ সে.মি., প্রস্থ ৪ সে.মি. এবং উচ্চতা ৩ সে.মি. হলে এর আয়তন কত ঘন সে.মি.?",৬০,Math,Solid Geometry
186,"একটি আয়তকার ঘনবস্তুর দৈর্ঘ্য ৬ সে.মি., প্রস্থ ৫ সে.মি. এবং উচ্চতা ৫ সে.মি. হলে এর আয়তন কত ঘন সে.মি.?",১৫০,Math,Solid Geometry
187,"একটি আয়তকার ঘনবস্তুর দৈর্ঘ্য ১ সে.মি., প্রস্থ ১ সে.মি. এবং উচ্চতা ১ সে.মি. হলে এর আয়তন কত ঘন সে.মি.?",১,Math,Solid Geometry
188,"একটি আয়তকার ঘনবস্তুর দৈর্ঘ্য ১২ সে.মি., প্রস্থ ৯ সে.মি. এবং উচ্চতা ৬ সে.মি. হলে এর সমগ্রতলের ক্ষেত্রফল কত বর্গ সে.মি.?",৪৬৮,Math,Solid Geometry
189,"একটি আয়তকার ঘনবস্তুর দৈর্ঘ্য ৫ সে.মি., প্রস্থ ৪ সে.মি. এবং উচ্চতা ৩ সে.মি. হলে এর সমগ্রতলের ক্ষেত্রফল কত বর্গ সে.মি.?",৯৪,Math,Solid Geometry
190,"একটি আয়তকার ঘনবস্তুর দৈর্ঘ্য ৬ সে.মি., প্রস্থ ৫ সে.মি. এবং উচ্চতা ৫ সে.মি. হলে এর সমগ্রতলের ক্ষেত্রফল কত বর্গ সে.মি.?",১৭০,Math,Solid Geometry
191,"একটি আয়তকার ঘনবস্তুর দৈর্ঘ্য ১ সে.মি., প্রস্থ ১ সে.মি. এবং উচ্চতা ১ সে.মি. হলে এর সমগ্রতলের ক্ষেত্রফল কত বর্গ সে.মি.?",৬,Math,Solid Geometry
192,একটি আয়তকার বাগানের পরিসীমা ২০ মিটার এবং দৈর্ঘ্য ৮ মিটার বাগানের ক্ষেত্রফল কত বর্গ মিটার?,১৬,Math,Solid Geometry
193,একটি ঘনকের একটি ধার ২ সে.মি. হলে সমগ্রতলের ক্ষেত্রফল কত বর্গ মিটার?,২৪,Math,Solid Geometry
194,"একটি ঘনকের কর্ণের দৈর্ঘ্য ৫√৩ একক হলে, ঘনকটির আয়তন কত ঘন একক?",১২৫,Math,Solid Geometry
195,একটি ঘনকের প্রতিটি বাহুর দৈর্ঘ্য দিগুন করলে সমগ্রতলের ক্ষেত্রফল কতগুন বৃদ্ধি পাবে? ,৩,Math,Solid Geometry
196,"একটি ত্রিভুজাকার প্রিজমের ভুমির বাহুগুলোর দৈর্ঘ্য ৩, ৪ ও ৫ সে.মি.। এর ভুমির ক্ষেত্রফল কত বর্গ সে.মি.?",৬,Math,Solid Geometry
197,প্রিজমের ভুমির ক্ষেত্রফল ৬ বর্গ সে.মি. ও উচ্চতা ৮ সে.মি. হলে প্রিজমটির আয়তন কত ঘন সে.মি.? ,৪৮,Math,Solid Geometry
198,একটি সুষম পিরামিডের ভুমির বাহুর দৈর্ঘ্য ৪ সে.মি. হলে ভুমির ক্ষেত্রফল কত বর্গ সে.মি.?,১৬,Math,Solid Geometry
199,পিরামিডের বর্গাকার ভুমির দৈর্ঘ্য ৪ একক এবং উচ্চতা ৫ একক হলে পিরামিডের আয়তন কত ঘন একক?,২৬.৬৬,Math,Solid Geometry
200,একটি পিরামিডের ভুমির ক্ষেত্রফল ৪ বর্গ সে.মি. এবং উচ্চতা ৩ সে.মি. হলে পিরামিডের আয়তন কত ঘন সে.মি.?,৪,Math,Solid Geometry
201,১৫ সে.মি. বাহুবিশিষ্ট বর্গাকার ভুমির উপর অবস্থিত একটি পিরামিডের উচ্চতা ২০ সে.মি. হলে এর আয়তন কত ঘন সে.মি.?,১৫০০,Math,Solid Geometry
202,৫ সে.মি. বাহুবিশিষ্ট বর্গাকার ভুমির উপর অবস্থিত একটি পিরামিডের উচ্চতা ৬ সে.মি. হলে এর আয়তন কত ঘন সে.মি.?,৫০,Math,Solid Geometry
203,৪ সে.মি. বাহুবিশিষ্ট বর্গাকার ভুমির উপর অবস্থিত একটি পিরামিডের উচ্চতা ৩ সে.মি. হলে এর আয়তন কত ঘন সে.মি.?,১৬,Math,Probability
204,একটি ছক্কা নিক্ষেপ করলে ৩ উঠার সম্ভাবনা কত?,১/৬,Math,Probability
205,"একটি থলিতে নীল বল ১২ টি, সাদা বল ১৬ টি এবং কালো বল ২০ টি আছে। দৈবভাবে একটি বল নেওয়া হলে বলটি নীল হওয়ার সম্ভাবনা কত?",১/৪,Math,Probability
206,"একটি থলিতে নীল বল ১২ টি, সাদা বল ১৬ টি এবং কালো বল ২০ টি আছে। দৈবভাবে একটি বল নেওয়া হলে বলটি সাদা না হওয়ার সম্ভাবনা কত?",২/৩,Math,Probability
207,একটি মুদ্রাকে তিনবার নিক্ষেপ করা হল। টেল অপেক্ষা অধিকবার হেড আসার সম্ভাবনা কত?,১/২,Math,Probability
208,একটি মুদ্রাকে তিনবার নিক্ষেপ করা হল। শুন্যবার টেল আসার সম্ভাবনা কত?,১/৮,Math,Probability
209,দুইটি মুদ্রা নিক্ষেপের ক্ষেত্রে বড়জোর একটি হেড আসার সম্ভাবনা কত?,৩/৪,Math,Probability
210,দুইটি মুদ্রা নিক্ষেপের ক্ষেত্রে কমপক্ষে একটি হেড আসার সম্ভাবনা কত?,৩/৪,Math,Probability
211,একটি ছক্কা নিক্ষেপ করলে জোড় আসার অনুকূল ফলাফল কয়টি?,৩,Math,Probability
212,একটি ছক্কা নিক্ষেপ করলে ৩ দ্বারা বিভাজ্য সংখ্যা হওয়ার অনুকূল ফলাফল কয়টি?,২,Math,Probability
213,একটি টেস্ট ক্রিকেট খেলায় ড্র হওয়ার সম্ভাবনা কত?,১/৩,Math,Probability
214,১ থেকে ১০ পর্যন্ত ক্রমিক নম্বর দেওয়া টিকেটগুলো ভালোভাবে মিশিয়ে একটি টিকেট দৈবভাবে নিলে টিকেটটি ২ অথবা ৩ এর গুণিতক হওয়ার সম্ভাবনা কত?,৭/১০,Math,Probability
215,একটি মুদ্রা নিক্ষেপের ক্ষেত্রে হেড অথবা টেল আসার ঘটনা নিশিত ঘটনা হলে সম্ভাবনা কত?,১,Math,Probability
216,একটি নিরপেক্ষ ছক্কা বিজোড় সংখ্যা আসার সম্ভাবনা কত?,১/২,Math,Probability
217,একটি নিরপেক্ষ ছক্কা একবার নিক্ষেপে ৩ এর গুণিতক সংখ্যা আসার সম্ভাবনা কত?,১/৩,Math,Probability
218,একটি নিরপেক্ষ ছক্কা একবার নিক্ষেপে জোড় অথবা বিজোড় আসার সম্ভাবনা কত?,১,Math,Probability
219,একটি নিরপেক্ষ ছক্কা একবার নিক্ষেপ করলে মৌলিক সংখ্যা আসার সম্ভাবনা কত?,১/২,Math,Probability
220,একটি নিরপেক্ষ ছক্কা একবার নিক্ষেপ করলে মৌলিক ও জোড় সংখ্যা আসার সম্ভাবনা কত?,১/৬,Math,Probability
221,একটি মুদ্রা ২০০০ বার নিক্ষেপে ১০৩০ বার হেড আসে। মুদ্রাটি একবার নিক্ষেপে টেল আসার সম্ভাবনা কত?,৯৭০/২০০০,Math,Probability
222,একটি মুদ্রা ১ বার নিক্ষেপ করলে হেড পাবার সম্ভাবনা ০.৪০। মুদ্রাটি ৫০০ বার নিক্ষেপ করলে কতবার টেল আসতে পারে?,৩০০,Math,Probability
223,একটি মুদ্রা ৭২০ বার নিক্ষেপ করলে ৪৮০ বার হেড আসে। তাহলে হেড এর আপেক্ষিক গনসংখ্যা কত?,০.৬৬,Math,Probability
224,একটি মুদ্রা ১ বার নিক্ষেপ করলে হেড পাবার সম্ভাবনা ০.৬০। মুদ্রাটি ৩০০ বার নিক্ষেপ করলে কতবার টেল আসতে পারে?,১২০,Math,Probability
225,একটি মুদ্রা ১ বার নিক্ষেপ করলে হেড পাবার সম্ভাবনা ০.২০। মুদ্রাটি ১৫০ বার নিক্ষেপ করলে কতবার টেল আসতে পারে?,১২০,Math,Probability
226,একটি মুদ্রা ১ বার নিক্ষেপ করলে হেড পাবার সম্ভাবনা ০.৭০। মুদ্রাটি ৫০০ বার নিক্ষেপ করলে কতবার টেল আসতে পারে?,১৫০,Math,Probability
227,একটি মুদ্রা ১ বার নিক্ষেপ করলে হেড পাবার সম্ভাবনা ০.৮০। মুদ্রাটি ৪০০ বার নিক্ষেপ করলে কতবার টেল আসতে পারে?,৮০,Math,Probability
228,একটি মুদ্রা ৭৫০ বার নিক্ষেপ করলে ৩০০ বার হেড আসে। তাহলে হেড এর আপেক্ষিক গনসংখ্যা কত?,০.৪০,Math,Probability
229,একটি মুদ্রা ৭৫০ বার নিক্ষেপ করলে ২৫০ বার হেড আসে। তাহলে টেল এর আপেক্ষিক গনসংখ্যা কত?,০.৬৬,Math,Probability
230,একটি নিরপেক্ষ ছক্কা একবার নিক্ষেপ করা হলে ৫ এর কম এবং মৌলিক সংখ্যা পড়ার সম্ভাবনা কত?,১/৩,Math,Probability
231,একটি নিরপেক্ষ ছক্কা একবার নিক্ষেপ করা হলে মৌলিক সংখ্যা  অথবা ৩ দ্বারা বিভাজ্য সংখ্যা উঠার সম্ভাবনা কত?,২/৩,Math,Probability
232,দুইটি সংখ্যা নিরপেক্ষভাবে নিক্ষেপ করা হলে ছক্কার উপরের পিঠে একই সংখ্যা না আসার সম্ভাবনা কত?,৫/৬,Math,Probability
233,একটি ছক্কা ও একটি মুদ্রা নিরপেক্ষভাবে নিক্ষেপ করলে বিজোড় সংখ্যা ও একটি টেল আসার সম্ভাবনা কত?,১/৪,Math,Probability
234,"একটি  থলিতে ১০ টি নীল বল, ১৪ টি সাদা বল, ১৮ টি কালো বল আছে। দৈবভাবে একটি বল নেওয়া হলে বলটি নীল না হওয়ার সম্ভাবনা কত? ",১৬/২১,Math,Probability
235,প্রথম পঁচিশটি স্বাভাবিক সংখ্যার দৈব চয়নে পূর্ণবর্গ সংখ্যা আসার সম্ভাবনা কত?,১/৫,Math,Probability
236,প্রথম একশটি স্বাভাবিক সংখ্যার দৈব চয়নে পূর্ণবর্গ সংখ্যা আসার সম্ভাবনা কত?,১/১০,Math,Probability
237,১ থেকে ৯৯ পর্যন্ত স্বাভাবিক সংখ্যাগুলো হতে দৈব চয়নে একটি সংখ্যা নেওয়া হলে সংখ্যাটি পূর্ণবর্গ সংখ্যা আসার সম্ভাবনা কত?,১/১১,Math,Probability
238,"একটি চতুস্তলককে দুইবার নিক্ষেপ করা হলে, সম্ভাবনার নমুনা বিন্দু কয়টি?",১৬,Math,Probability
239,একটি ছক্কা ও দুইটি মুদ্রা একসাথে নিক্ষেপ করা হলে সংঘটিত ঘটনা কয়টা?,২৪,Math,Probability
240,"পাঁচ টাকার চারটি মুদ্রা একসাথে নিক্ষেপ করা হলে, নমুনা বিন্দু কয়টি হবে?",১৬,Math,Probability
241,একটি মুদ্রাকে ৩ বার নিক্ষেপ করা হলে নমুনা বিন্দু কয়টি?,৮,Math,Probability
242,পাঁচটি মুদ্রা নিক্ষেপ করা হলে মোট নমুনা বিন্দু কয়টি?,৩২,Math,Probability
243,একটি ছক্কা ও একটি মুদ্রা একসাথে নিক্ষেপ করা হলে সংঘটিত ঘটনা কয়টা?,১২,Math,Probability
244,দুইটি মুদ্রা একসাথে নিক্ষেপ করা হলে দুটি হেড না আসার সম্ভাবনা কত?,৩/৪,Math,Probability
245,১ থেকে ২০০ পর্যন্ত স্বাভাবিক সংখ্যাগুলো হতে দৈব চয়নে একটি সংখ্যা নেওয়া হলে সংখ্যাটি ঘন হবার সম্ভাবনা কত?,১/৪০,Math,Probability
246,১ থেকে ১০০০ পর্যন্ত স্বাভাবিক সংখ্যাগুলো হতে দৈব চয়নে একটি সংখ্যা নেওয়া হলে সংখ্যাটি ঘন হবার সম্ভাবনা কত?,১/১০০,Math,Probability
247,১ থেকে ৫০০০ পর্যন্ত স্বাভাবিক সংখ্যাগুলো হতে দৈব চয়নে একটি সংখ্যা নেওয়া হলে সংখ্যাটি ঘন হবার সম্ভাবনা কত?,১৭/৫০০০,Math,Probability
248,আবহাওয়া দপ্তর হতে পাওয়া রিপোর্ট অনুযায়ী সেপ্টেম্বর মাসে ১৯ দিন বৃষ্টি হয়েছে। তাহলে ৮ই সেপ্টেম্বর বৃষ্টি হওয়ার সম্ভাবনা কত?,১৯/৩০,Math,Probability
249,২০০০ সালে ফেব্রুয়ারি মাসে ৫ দিন বৃষ্টি হয়েছিল । ১২ ফেব্রুয়ারি বৃষ্টি হওয়ার সম্ভাবনা কত?,৫/২৯,Math,Probability
250,দুইটি মুদ্রা নিক্ষেপ করা হলে মুদ্রা ২টিতে একই ফলাফল আসার সম্ভাবনা কত?,১/২,Math,Probability
251,একটি মুদ্রাকে তিনবার নিক্ষেপ করা হলে কমপক্ষে একটি হেড পাওয়ার সম্ভাবনা কত?,৭/৮,Math,Probability
252,একটি ছক্কা ও একটি মুদ্রা একসাথে নিক্ষেপ করা হলে কমপক্ষে একটি টেল পাওয়ার সম্ভাবনা কত?,১/২,Math,Probability
253,একটি ছক্কা ও একটি মুদ্রা একসাথে নিক্ষেপ করা হলে ছক্কায় মৌলিক সংখ্যা ও মুদ্রায় হেড পাওয়ার সম্ভাবনা কত?,১/৪,Math,Probability
254,একটি মুদ্রাকে তিনবার নিক্ষেপ করা হলে দুইটি হেড এবং একটি টেল পাওয়ার সম্ভাবনা কত?,৩/৮,Math,Probability
255,দুইটি মুদ্রা একসাথে নিক্ষেপ করা হলে কমপক্ষে একটি টেল পাওয়ার সম্ভাবনা কত?,৩/৪,Math,Probability
256,দুইটি মুদ্রা একসাথে নিক্ষেপ করা হলে বড়জোর একটি হেড পাওয়ার সম্ভাবনা কত?,৩/৪,Math,Probability
257,"একটি ঝুড়িতে ১৫ টি সাদা, ১০ টি কালো, ২০ টি লাল বল আছে। দৈবভাবে একটি বল নেওয়া হল। বলটি সাদা অথবা লাল হওয়ার সম্ভাবনা কত?",৭/৯,Math,Probability
258,"একটি ঝুড়িতে ১৫ টি সাদা, ১০ টি কালো, ২০ টি লাল বল আছে। দৈবভাবে একটি বল নেওয়া হল। বলটি হলুদ হওয়ার সম্ভাবনা কত?",০,Math,Probability
259,একটি ছক্কা ও একটি মুদ্রা একসাথে নিক্ষেপ করা হলে ছক্কায় জোড় সংখ্যা ও মুদ্রায় টেল পাওয়ার সম্ভাবনা কত?,১/৪,Math,Probability
260,একটি ছক্কা ও একটি মুদ্রা একসাথে নিক্ষেপ করা হলে ছক্কায় বিজোড় সংখ্যা ও মুদ্রায় হেড পাওয়ার সম্ভাবনা কত?,১/৪,Math,Probability
261,একটি ছক্কা ও একটি মুদ্রা একসাথে নিক্ষেপ করা হলে ছক্কায় ৩ দ্বারা বিভাজ্য সংখ্যা ও মুদ্রায় যেকোনো পিঠ পাওয়ার সম্ভাবনা কত?,১/৩,Math,Probability
262,রফিকের খুলনা হতে রাজশাহী বাসে জাওাড় সম্ভাবনা ৪/৫ এবং রাজশাহী থেকে রংপুর ট্রেনে যাওয়ার সম্ভাবনা ৬/৭। রফিকের খুলনা হতে রাজশাহী বাসে কিন্তু রাজশাহী থেকে রংপুর ট্রেনে না যাওয়ার সম্ভাবনা কত?,৪/৩৫,Math,Probability
263,"বাংলাদেশ ক্রিকেট দল ২০১০ সালে ৭ টি টেস্ট ম্যাচ খেলে ৩ টিতে হেরেছে, ২ টিতে টাই এবং ২০ টি টি-২০ খেলে ১২ টিতে জিতেছে এবং কোনো ম্যাচ টাই হয়নি। যেকোনো একটি ম্যাচ দৈবভাবে নেওয়া হলে ম্যাচটিতে জয় অথবা পরাজয় আসার সম্ভাবনা কত?",২৫/২৭,Math,Probability
264,আবহাওয়া দপ্তর হতে পাওয়া রিপোর্ট অনুযায়ী জুলাই মাসে সিলেট শহরে ১০দিন মুশলধারে এবং ১৫ দিন গুড়িগুড়ি বৃষ্টি হয়েছে। তাহলে ৪ঠা জুলাই বৃষ্টি না হওয়ার সম্ভাবনা কত?,৬/৩১,Math,Probability
265,১০ হতে ২১ পর্যন্ত স্বাভাবিক সংখ্যাগুলোর একটি দৈবভাবে নির্বাচন করা হল। সংখ্যাটি মৌলিক হওয়ার সম্ভাবনা কত? ,১/৩,Math,Probability
266,১০ হতে ২১ পর্যন্ত স্বাভাবিক সংখ্যাগুলোর একটি দৈবভাবে নির্বাচন করা হল। সংখ্যাটি ২ বা ৩ দ্বারা বিভাজ্য হওয়ার সম্ভাবনা কত? ,২/৩,Math,Probability
267,কোনো এক লটারিতে ৭৬০ টি টিকেট বিক্রি হয়েছে। রাজু ২০ টি টিকেট কিনেছে। টিকেটগুলো ভালোভাবে মিশিয়ে একটি টিকেট দৈবভাবে তোলা হল। রাজুর প্রথম পুরষ্কার না পাওয়ার সম্ভাবনা কত? ,৩৭/৩৮,Math,Probability
268,"কোনো এক লটারিতে ৭৬০ টি টিকেট বিক্রি হয়েছে। রাজু ২০ টি টিকেট কিনেছে। টিকেটগুলো ভালোভাবে মিশিয়ে একটি টিকেট দৈবভাবে তোলা হল। রাজু প্রথম পুরষ্কার না পেলে, ২য় পুরষ্কার পাওয়ার সম্ভাবনা কত? ",২০/৭৫৯,Physics,Physics
269,"একটি দণ্ডকে স্লাইড ক্যালিপারসে স্থাপনের পর যে পাঠ পাওয়া গেল তা হচ্ছে প্রধান স্কেল ৪ সে.মি., ভার্নিয়ার সমপাতন ৭ এবং ভার্নিয়ার ধ্রুবক ০.১ মি.মি.। দণ্ডটির দৈর্ঘ্য কত সে.মি.?",৪.০৭,Physics,Physics
270,ভার্নিয়ার স্কেলের সর্বনিম্ন কত দৈর্ঘ্য (মি.মি.) পর্যন্ত মাপা যায় যখন ভার্নিয়ারের ভাগ সংখ্যা ১০?,০.১০,Physics,Physics
271,রৈখিক স্কেল পাঠ ৪ মি.মি. এবং বৃত্তাকার স্কেলের ভাগসংখ্যা ৫০ হলে তারের ব্যাস কত মি.মি.? (লঘিষ্ঠ গণন ০.০১),৪.৫০,Physics,Physics
272,কোন স্লাইড ক্যালিপারসে ভার্নিয়ার ধ্রুবকের মান ০.০০৫ সে.মি. হলে ভার্নিয়ার স্কেলের পাঠ সংখ্যা কত?,২০,Physics,Physics
273,"একটি দণ্ডকে স্লাইড ক্যালিপারসে স্থাপনের পর যে পাঠ পাওয়া গেল তা হচ্ছে প্রধান স্কেল ৫ সে.মি., ভার্নিয়ার সমপাতন ৭ এবং ভার্নিয়ার ধ্রুবক ০.১ মি.মি.। দণ্ডটির দৈর্ঘ্য কত সে.মি.?",৫.০৭,Physics,Physics
274,"একটি দণ্ডকে স্লাইড ক্যালিপারসে স্থাপনের পর যে পাঠ পাওয়া গেল তা হচ্ছে প্রধান স্কেল ০.০৫ মি, ভার্নিয়ার সমপাতন ৬ এবং ভার্নিয়ার ধ্রুবক ০.১ মি.মি.। দণ্ডটির দৈর্ঘ্য কত সে.মি.?",৫.০৬,Physics,Physics
275,"প্রধান স্কেলের পাঠ ১২ মি.মি., ভার্নিয়ার সমপাতন ৭ এবং ভার্নিয়ার ধ্রুবক ০.১০ মি.মি. হলে পাঠ কত সে.মি.?",১.২৭,Physics,Physics
276,স্লাইড ক্যালিপারসের সাহায্যে একটি আয়তাকার কাচ ফলকের বেধ নির্ণয়ে প্রধান স্কেলের পাঠ ১৮ মি.মি. এবং ভার্নিয়ার সমপাতন ৮ পাওয়া গেল। যন্ত্রটির ভার্নিয়ার ধ্রুবক ০.০১ সে.মি. হলে বেধ কত মি.মি.?,১৮.৮০,Physics,Physics
277,একটি স্লাইড ক্যালিপারসের প্রধান স্কেলের ১৯ ভাগ ভার্নিয়ার স্কেলের ২০ ভাগের সমান। প্রধান স্কেলের এক ভাগের দৈর্ঘ্য ১ মি.মি. হলে ভার্নিয়ার ধ্রুবক কত মি.মি.?,০.০৫ ,Physics,Physics
278,যদি ভার্নিয়ার স্কেলের ১০ ঘর প্রধান স্কেলের ৯ ঘরের সমান তবে ভার্নিয়ার ধ্রুবক কত সে.মি.?,০.০১,Physics,Physics
279,"ভার্নিয়ার স্কেলের ৫০ ঘর সমান প্রধান স্কেলের ৪৯ ঘর। প্রধান স্কেলের ক্ষুদ্রতম ১ ঘর = ১ মি.মি. হলে, ভার্নিয়ার ধ্রুবক কত মি.মি.?",০.০২,Physics,Physics
280,একটি স্লাইড ক্যালিপারসের প্রধান স্কেলের ক্ষুদ্রতম ১ ঘরের দৈর্ঘ্য ১ মি.মি.। ভার্নিয়ার স্কেলের ভাগ সংখ্যা ১০। ভার্নিয়ার ধ্রুবকের মান কত সে.মি.?,০.০১,Physics,Physics
281,প্রধান স্কেলের ১ ক্ষুদ্রতম ভাগের দৈর্ঘ্য ১ মি.মি. এবং ভার্নিয়ার স্কেলের ভাগের সংখ্যা ১০ হলে ভার্নিয়ার ধ্রুবক কত মি.মি.?,০.০১,Physics,Physics
282,"মূল স্কেলের পাঠ ১৪ মি.মি., ভার্নিয়ার ধ্রুবক ০.১ মি.মি. ভার্নিয়ার পাঠ ৩ হলে মোট পাঠ কত মি.মি.?",১৪.৩০,Physics,Physics
283,"একটি দণ্ডকে স্লাইড ক্যালিপারসের দুই চোয়ালের মাঝে স্থাপনের পর যে পাঠ পাওয়া গেল তা হচ্ছে প্রধান স্কেল ৬ সে.মি., ভার্নিয়ার সমপাতন ৪ এবং ভার্নিয়ার ধ্রুবক ০.১ মি.মি.। দণ্ডটির দৈর্ঘ্য কত সে.মি.?",৬.০৪,Physics,Physics
284,স্লাইড ক্যালিপারসের সাহায্যে একটি আয়তাকার বস্তুর দৈর্ঘ্য নির্ণয় করতে গিয়ে দেখা গেল ভার্নিয়ার স্কেলের শুন্য দাগ প্রধান স্কেলের ৭.৭ সে.মি. এর ঘর অতিক্রম করেছে। ভার্নিয়ার স্কেলের ৫ নম্বর ঘর প্রধান স্কেলের একটি দাগের সাথে পুরোপুরি মিলে যায়। ভার্নিয়ার ধ্রুবক ০.০১ সে.মি.। বস্তুটির দৈর্ঘ্য কত?,৭.৭৫,Physics,Physics
285,"একটি দণ্ডের দৈর্ঘ্য পরিমাপ করতে গিয়ে প্রধান স্কেলের পাঠ ৮ সে.মি. এবং ভার্নিয়ার সমপাতন ৪ পাওয়া গেল। ভার্নিয়ার ধ্রুবক ০.০১ সে.মি. হলে, দণ্ডটির দৈর্ঘ্য কত সে.মি.?",৮.০৪,Physics,Physics
286,রৈখিক স্কেল পাঠ ৪ মি.মি. এবং বৃত্তাকার স্কেলের পাঠের মান ০.১৭ মি.মি. তারের ব্যাস কত মি.মি.?,৪.১৭,Physics,Physics
287,মিটার স্কেলের সাথে ১টি ভার্নিয়ার স্কেল ব্যবহার করা হয়েছে ১০ ঘর সমান ৯ মি.মি.। এর সাহায্যে ক্ষুদ্রতম কত মি.মি. দৈর্ঘ্য পর্যন্ত পরিমাপ করা যাবে?,০.১০,Physics,Physics
288,মূল স্কেল ও ভার্নিয়ার স্কেল এর সমন্বিত বাবহারে নিট পাওয়া গেল ১২.৬৬ সে.মি.। ভার্নিয়ার সমপাতন ৬ হলে ভার্নিয়ার ধ্রুবক কত মি.মি. ? (প্রধান স্কেলের পাঠ ১২.৬ সে.মি.) ,০.১০,Physics,Physics
289,চূড়ান্ত ত্রুটি ৮ বর্গমিটার। পরিমাপ করা মান ১২০ বর্গমিটার হলে ক্ষেত্রফল নির্ণয়ে আপেক্ষিক ত্রুটি শতকরা কত?,৬.৬৬,Physics,Physics
290,প্রকৃত ক্ষেত্রফল ২০০ বর্গমিটার। কিন্তু পরিমাপ করে পাওয়া গেল ১৯২ বর্গমিটার। আপেক্ষিক ত্রুটি শতকরা কত?,৪,Physics,Physics
291,বর্গাকৃতি বইয়ের দৈর্ঘ্য ১০০ সে.মি.। আপেক্ষিক ত্রুটি ১০%। ক্ষেত্রফল নির্ণয়ে আপেক্ষিক ত্রুটি শতকরা কত?,২১,Physics,Physics
292,পিচ ০.৫০ মি.মি. এবং লঘিষ্ঠ গণন ০.০১ মি.মি. বিশিষ্ট একটি স্ক্র-গজের সাহায্যে তারের ব্যাস ৭.২৮ মি.মি. পাওয়া গেল। বৃত্তাকার স্কেলের ঘরের সংখ্যা কত?,৫০,Physics,Physics
293,পিচ ০.৫০ মি.মি. এবং লঘিষ্ঠ গণন ০.০১ মি.মি. বিশিষ্ট একটি স্ক্র-গজের সাহায্যে তারের ব্যাস ৭.২৮ মি.মি. পাওয়া গেল। তারের ব্যাস মাপার জন্য বৃত্তাকার স্কেলকে কতবার ঘুরাতে হবে?,১৪,Physics,Physics
294,পিচ ০.৫০ মি.মি. এবং লঘিষ্ঠ গণন ০.০১ মি.মি. বিশিষ্ট একটি স্ক্র-গজের সাহায্যে তারের ব্যাস ৭.২৮ মি.মি. পাওয়া গেল। তারের ব্যাস মাপার জন্য বৃত্তাকার স্কেলের অতিক্রান্ত ঘরের সংখ্যা কত? ,৭২৮,Physics,Physics
295,"একটি তারের প্রস্থচ্ছেদের ক্ষেত্রফল নির্ণয়ে স্ক্র-গজের রৈখিক স্কেলের পাঠ পাওয়া যায় ২ মি.মি., বৃত্তাকার স্কেলের পাঠ ০.৪০ মি.মি., বৃত্তাকার স্কেলটির মোট ভাগ সংখ্যা ১০০ এবং যন্ত্রটির পিচ ১ মি.মি.। বৃত্তাকার স্কেলের কত নম্বর দাগ রৈখিক স্কেলের সাথে হুবহু মিলে যায়?",৪০,Physics,Physics
296,"একটি তারের প্রস্থচ্ছেদের ক্ষেত্রফল নির্ণয়ে স্ক্র-গজের রৈখিক স্কেলের পাঠ পাওয়া যায় ২ মি.মি., বৃত্তাকার স্কেলের পাঠ ০.৪০ মি.মি., বৃত্তাকার স্কেলটির মোট ভাগ সংখ্যা ১০০ এবং যন্ত্রটির পিচ ১ মি.মি.। তারটির প্রস্থচ্ছেদের ক্ষেত্রফল কত বর্গ মি.মি.?",৪.৫২,Physics,Physics
297,ত্রুটিমুক্ত স্লাইড ক্যালিপারসের সাহায্যে একটি দণ্ডের দৈর্ঘ্য মাপার সময় মূল স্কেলের পাঠ ৫মি.মি. এবং ভার্নিয়ার সমপাতন ১৬ পাওয়া গেল। মূল স্কেলের ক্ষুদ্রতম এক ঘরের দৈর্ঘ্য ০.৫ মি.মি. এবং মূল স্কেলের ১৯ ঘর ভার্নিয়ার স্কেলের ২০ ঘরের সমান। ভার্নিয়ার ধ্রুবক কত মি.মি.?,০.০২৫,Physics,Physics
298,ত্রুটিমুক্ত স্লাইড ক্যালিপারসের সাহায্যে একটি দণ্ডের দৈর্ঘ্য মাপার সময় মূল স্কেলের পাঠ ৫মি.মি. এবং ভার্নিয়ার সমপাতন ১৬ পাওয়া গেল। মূল স্কেলের ক্ষুদ্রতম এক ঘরের দৈর্ঘ্য ০.৫ মি.মি. এবং মূল স্কেলের ১৯ ঘর ভার্নিয়ার স্কেলের ২০ ঘরের সমান। দণ্ডটির দৈর্ঘ্য কত মি.মি.?,৫.৪,Physics,Physics
299,ত্রুটিমুক্ত স্লাইড ক্যালিপারসের সাহায্যে একটি দণ্ডের দৈর্ঘ্য মাপার সময় মূল স্কেলের পাঠ ৫মি.মি. এবং ভার্নিয়ার সমপাতন ১৬ পাওয়া গেল। মূল স্কেলের ক্ষুদ্রতম এক ঘরের দৈর্ঘ্য ০.৫ মি.মি. এবং মূল স্কেলের ১৯ ঘর ভার্নিয়ার স্কেলের ২০ ঘরের সমান। যন্ত্রটি দিয়ে সর্বনিম্ন কত মি.মি. পর্যন্ত দৈর্ঘ্য মাপা যায়?,০.০২৫,Physics,Physics
300,"একটি স্লাইড ক্যালিপারসের প্রধান স্কেলের ১৯ ঘর ভার্নিয়ার স্কেলের ২০ ঘরের সমান। একটি ছোট দণ্ডের দৈর্ঘ্য এর দুই চোয়ালের মধ্যে স্থাপন করলে দেখা গেল যে, ভার্নিয়ার স্কেলের শুন্য দাগ প্রধান স্কেলের ৫.২ সে.মি. দাগকে অতিক্রম করছে। আবার প্রধান স্কেলের একটি দাগের সাথে ভার্নিয়ার স্কেলের ১৪ নং দাগ মিলে গেছে। ভার্নিয়ার ধ্রুবক কত (মি.মি.)?",০.০৫ ,Physics,Physics
301,"একটি স্লাইড ক্যালিপারসের প্রধান স্কেলের ১৯ ঘর ভার্নিয়ার স্কেলের ২০ ঘরের সমান। একটি ছোট দণ্ডের দৈর্ঘ্য এর দুই চোয়ালের মধ্যে স্থাপন করলে দেখা গেল যে, ভার্নিয়ার স্কেলের শুন্য দাগ প্রধান স্কেলের ৫.২ সে.মি. দাগকে অতিক্রম করছে। আবার প্রধান স্কেলের একটি দাগের সাথে ভার্নিয়ার স্কেলের ১৪ নং দাগ মিলে গেছে। ভার্নিয়ার সমপাতন কত?",১৪,Physics,Physics
302,"একটি স্লাইড ক্যালিপারসের প্রধান স্কেলের ১৯ ঘর ভার্নিয়ার স্কেলের ২০ ঘরের সমান। একটি ছোট দণ্ডের দৈর্ঘ্য এর দুই চোয়ালের মধ্যে স্থাপন করলে দেখা গেল যে, ভার্নিয়ার স্কেলের শুন্য দাগ প্রধান স্কেলের ৫.২ সে.মি. দাগকে অতিক্রম করছে। আবার প্রধান স্কেলের একটি দাগের সাথে ভার্নিয়ার স্কেলের ১৪ নং দাগ মিলে গেছে। দণ্ডটির দৈর্ঘ্য কত (সে.মি.)?",৫.২৭,Physics,Physics
303,ল্যাবরেটরিতে একটি নতুন স্লাইড ক্যালিপারস তৈরি করা হল। যার মূলস্কেলের ১৫ ভাগ ভার্নিয়ারের ১৬ ভাগের সমান। মূলস্কেলের ক্ষুদ্রতম একভাগের দৈর্ঘ্য ১ মি.মি.। এই স্কেলের সাহায্যে একটি এক টাকা মানের পয়সার ব্যাস মাপা হল। তাতে মূল স্কেল পাঠ পাওয়া গেল ১৫ মিলিমিটার এবং ভার্নিয়ার সমপাতন পাওয়া গেল ৭। ভার্নিয়ার ধ্রুবকের মান কত মি.মি.?,০.০৬২৫,Physics,Physics
304,ল্যাবরেটরিতে একটি নতুন স্লাইড ক্যালিপারস তৈরি করা হল। যার মূলস্কেলের ১৫ ভাগ ভার্নিয়ারের ১৬ ভাগের সমান। মূলস্কেলের ক্ষুদ্রতম একভাগের দৈর্ঘ্য ১ মি.মি.। এই স্কেলের সাহায্যে একটি এক টাকা মানের পয়সার ব্যাস মাপা হল। তাতে মূল স্কেল পাঠ পাওয়া গেল ১৫ মিলিমিটার এবং ভার্নিয়ার সমপাতন পাওয়া গেল ৭। ভার্নিয়ার স্কেলের পাঠের মান কত মি.মি.?,০.৪৩৭৫,Physics,Physics
305,করিম তার বিদ্যালয়ের বার্ষিক ক্রীড়া প্রতিযোগিতায় ৩০ মিটার ব্যাসার্ধের একটি বৃত্তাকার ট্র্যাক একবার ঘুরে আসলো। তার সরণ কত মিটার হবে?,০,Physics,Physics
306,একটি বস্তু একটি স্থান থেকে ৪ মিটার সোজা পূর্বদিকে গিয়ে সেখান থেকে উত্তর দিকে ৩ মিটার অতিক্রম করল। বস্তুটির দূরত্ব ও সরনের পার্থক্য কত মিটার?,২,Physics,Physics
307,একটি বস্তু সরল পথে ১০ মিটার অগ্রসর হয়ে সেখান থেকে একই পথে ৪ মিটার ফিরে এলো। দূরত্ব ও সরণের পার্থক্য কত মিটার?,৮ ,Physics,Physics
308,একটি গাড়ি একস্থান থেকে ৬ মিটার সোজা উত্তর দিকে গিয়ে সেখান থেকে সোজা পূর্বদিকে ৮ মিটার অতিক্রম করলো। গাড়িটির অতিক্রান্ত দূরত্ব ও সরণের পার্থক্য কত?,৪,Physics,Physics
309,১০ মিটার ব্যাসার্ধের একটি বৃত্তাকার পথে সম্পূর্ণ একবার ঘুরে আসলে তার সরণ কত মিটার হবে?,০,Physics,Physics
310,১০০ মিটার ব্যাসার্ধের একটি বৃত্তাকার পথ একবার ঘুরে আসতে এক ব্যক্তির সময় লাগে ২ মিনিট। এক মিনিট ঘুরার পর তার সরণ কত হবে?,২০০,Physics,Physics
311,এক মিনিটে একটি দেওয়াল ঘড়ির সেকেন্ড কাঁটার সরণ কত মিটার?,০,Physics,Physics
312,১০ মিটার ব্যাসার্ধের একটি বৃত্তাকার পথে পরিধির এক-চতুর্থাংশ অতিক্রম করলে সরণ কত মিটার হবে?,৭.০৭,Physics,Physics
313,এক ব্যক্তি ৭ মিটার ব্যাসার্ধের একটি বৃত্তাকার মাঠে ৩/২ পাক ঘুরলে তার সরণ কত মিটার?,১৪,Physics,Physics
314,৫ মিটার ব্যাসার্ধের বৃত্তাকার পথে এক বালক ৮ পাক সম্পূর্ণ ঘুরল। বালকটির সরণ কত মিটার?,০,Physics,Physics
315,৫৪ কিলোমিটার/ ঘণ্টা সমান কত মিটার/ সেকেন্ড?,১৫,Physics,Physics
316,একজন মোটরসাইকেল আরোহী ৫৪ কি.মি/ ঘণ্টা বেগে যাত্রা শুরু করে এবং তার বেগ বৃদ্ধি পেয়ে ৫ সেকেন্ডে ৩৫ মি./সে. হয়। তার ত্বরণ কত মি./সে.^২?,৪,Physics,Physics
317,একটি মোটরসাইকেলের বেগ ৩০ মি/ সে। থেকে সুষমভাবে হ্রাস পেয়ে ৮ সে. এ ১৪ মি./সে. হলে গাড়িটির মন্দন কত মি./সে.^২?,২,Physics,Physics
318,একটি গাড়ির বেগ ৩০ মি./সে. থেকে সুষমভাবে হ্রাস পেয়ে ৫ সে. পর ১০ মি./সে. হলে গাড়িটির ত্বরণ কত মি./সে.^২?,-৪,Physics,Physics
319,একটি গাড়ির বেগ ১৫ মি./সে. থেকে সুষমভাবে বৃদ্ধি পেয়ে ১০ সে. পর ৭৫ মি./সে. হলে গাড়িটির ত্বরণ কত মি./সে.^২?,৬,Physics,Physics
320,স্থির অবস্থান থেকে একটি ট্রেন ২০ মি./সে. সুষম ত্বরণে চলার সময় ২৫০ মিটার দূরত্বে অবস্থিত একটি পোস্টকে কত মি./সে. বেগে অতিক্রম করবে?,১০০,Physics,Physics
321,একজন খেলোয়াড় একটি বলকে ৭২ কি.মি/ ঘণ্টা বেগে খাড়া উপরের দিকে ছুড়লে বলটা সর্বোচ্চ কত উপরে উঠবে?,২০.৪০,Physics,Physics
322,একটি বস্তু স্থির অবস্থান থেকে যাত্রা শুরু করার পর ৫ সেকেন্ড পরে ২০ মি./সে. বেগ অর্জন করে। পরবর্তী ১০ সেকেন্ড এ বস্তুর অতিক্রান্ত দূরত্ব কত মিটার হবে?,৪০০,Physics,Physics
323,একটি গাড়ির বেগ ১০ মি./সে.। গাড়িটিতে ২  মি./সে.^২ মন্দন সৃষ্টি করা হলে ৩ সেকেন্ড পরে গাড়িটির বেগ কত হবে?,৪,Physics,Physics
324,সুষম ত্বরণে চলমান কোন বস্তুর বেগ ২ সেকেন্ডে ৪ মি./সে. হতে বৃদ্ধি পেয়ে ৮ মি./সে. হলে ৪ সেকেন্ড পর বস্তুটির বেগ মি./সে. কত হবে?,১২,Physics,Physics
325,স্থির অবস্থান থেকে বিনা বাধায় বস্তুকে ছেড়ে দিলে চারগুন দূরত্বে বেগ কতগুণ বৃদ্ধি পাবে? ,১,Physics,Physics
326,বিনা বাধায় পড়ন্ত বস্তু ৫ সেকেন্ডে ৫০ মিটার পথ অতিক্রম করলে ৭২ মিটার পথ অতিক্রম করতে কত সেকেন্ড সময় লাগবে?,৬,Physics,Physics
327,মুক্তভাবে পড়ন্ত বস্তু ৬ সেকেন্ডে ৭২ মিটার দূরত্ব অতিক্রম করলে ৩ সেকেন্ডে কত দূরত্ব অতিক্রম করবে?,১৮,Physics,Physics
328,একটি মুক্তভাবে পড়ন্ত বস্তু ৫ সেকেন্ডে ২৫ মিটার দূরত্ব অতিক্রম করে। ৬ষ্ঠ সেকেন্ডে বস্তুটি আর কত দূরত্বে যাবে?,১১,Physics,Physics
329,পড়ন্ত বস্তুর ক্ষেত্রে একটি বস্তু ২ সেকেন্ডে ৮ মিটার দূরত্ব অতিক্রম করে। ঐ বস্তু ৫ সেকেন্ডে কত দূরত্ব অতিক্রম করবে?,৫০,Physics,Physics
330,১০০ মিটার উঁচু থেকে একটি বস্তু নিচে ফেলে দিলে এটি কত মি./সে. বেগে মাটিতে পড়বে?,৪৪.২৭,Physics,Physics
331,৭৫ মিটার উঁচু দালান থেকে বস্তু ছেড়ে দিলে ভূমিকে কত মি./সে. বেগে আঘাত করবে?,৩৮.৩৪,Physics,Physics
332,৪০ মিটার উঁচু দালানের ছাদ থেকে কোন বস্তু ছেড়ে দিলে এটি কত বেগে ভূপৃষ্ঠকে আঘাত করবে?,২৮,Physics,Physics
333,৫০ মিটার উঁচু দালানের ছাদ থেকে কোন বস্তু ছেড়ে দিলে এটি কত বেগে ভূপৃষ্ঠকে আঘাত করবে?,৩১.৩০,Physics,Physics
334,"একটি বস্তুকে ৯.৮ মি./সে. বেগে খাড়া উপরের দিকে নিক্ষেপ করা হলে, উহা কত উপরে উঠবে?",৪.৯,Physics,Physics
335,একটি বস্তুকে কত বেগে খাড়া উপরের দিকে নিক্ষেপ করা হলে তা ১০ সেকেন্ড পর ভূপৃষ্ঠকে আঘাত করবে?,৪৯,Physics,Physics
336,একটি বস্তুকে ১৯.৬ মি./সে. বেগে খাড়া উপরের দিকে নিক্ষেপ করলে বস্তুটি সর্বোচ্চ কত উপরে উঠবে?,১৯.৬,Physics,Physics
337,একটি বস্তুকে ১৯৬ মি./সে. বেগে খাড়া উপরের দিকে নিক্ষেপ করা হল। ১০ সেকেন্ড পরে বেগ কত হবে?,৯৮,Physics,Physics
338,একজন ছেলে একটি ২০ মিটার ব্যাসার্ধের একটি মাঠে পরিধি বরাবর পরিধির ৩/৪ অংশ গমন করে। ছেলেটির সরণ কত মিটার?,২৮.২৮,Physics,Physics
339,৩৬ কি.মি/ ঘণ্টা বেগে একটি গাড়ি ১ মিনিট পরে ৭২ কি.মি/ ঘণ্টা বেগ হয় এবং আরও ১ মিনিট পরে ১০৮ কি.মি/ ঘণ্টা বেগ প্রাপ্ত হয়। গাড়িটির ত্বরণ কত?,০.১৬,Physics,Physics
340,৩৬ কি.মি/ ঘণ্টা বেগে একটি গাড়ি ১ মিনিট পরে ৭২ কি.মি/ ঘণ্টা বেগ হয়। এই সময়ে গাড়িটি কত দূরত্ব অতিক্রম করে?,৯০০,Physics,Physics
341,৫৪ কি.মি./ ঘণ্টা বেগে চলন্ত একজন গাড়ির চালক ৪৬ মিটার দূরে একজন পথচারীকে দেখতে পেয়ে সাথে সাথে ব্রেক চেপে দিলেন। এতে গাড়িটি পথচারী সামনে ১ মিটার সামনে এসে থামল। গাড়িটির ত্বরণ কত ছিল?,-২.৫০,Physics,Physics
342,৫৪ কি.মি./ ঘণ্টা বেগে চলন্ত একজন গাড়ির চালক ৪৬ মিটার দূরে একজন পথচারীকে দেখতে পেয়ে সাথে সাথে ব্রেক চেপে দিলেন। এতে গাড়িটি পথচারী সামনে ১ মিটার সামনে এসে থামল। চালকের গাড়ি থামাতে কত সময় লেগে ছিল?,৬,Physics,Physics
343,১০ গ্রাম ভরের একটি বস্তু খাড়া উপরের দিকে নিক্ষেপ করা হল। এটি ১০ সেকেন্ড পর ভূমিতে পড়ল। নিক্ষেপের সময় বস্তুটির বেগ কত মি./সে. ছিল?,৪৯,Physics,Physics
344,১০ গ্রাম ভরের একটি বস্তু খাড়া উপরের দিকে নিক্ষেপ করা হল। এটি ১০ সেকেন্ড পর ভূমিতে পড়ল। বস্তুটি সর্বোচ্চ কত মিটার উপরে উঠবে?,১২২.৫,Physics,Physics
345,১ কেজি ভরের একটি বস্তু খাড়া উপরের দিকে নিক্ষেপ করা হল। এটি ১০ সেকেন্ড পর ভূমিতে পড়ল। সর্বোচ্চ উচ্চতায় বস্তুটির বিভবশক্তি কত জুল হবে?,১২০০.৫০,Physics,Physics
346,২০ মি./সে. বেগে একটি ৫০ গ্রাম ভরের টেনিস বল নিক্ষেপ করলে এটি দেওয়ালে ধাক্কা খেয়ে আবার একই দিকে ফিরে এলে বলটির ভরবেগের পরিবর্তন কত কেজি-মি./সে.?,২,Physics,Physics
347,১০ কেজি ভরের একটি স্থির বস্তুর উপর ১৫০০ নিউটন বল ০.১৫ সেকেন্ড সময়ব্যাপী কাজ করে। বস্তুর ভরবেগের পরিবর্তন কত কেজি-মি./সে. হবে?,২২৫,Physics,Physics
348,একটি ফুটবলকে উপর থেকে নিচে ফেলে দেয়া হল তা ১০ মি./সে. বেগে ভূমিকে আঘাত করে আবার ৮ মি./সে. বেগে উপরের দিকে উঠে। ভরবেগের পরিবর্তন কত কেজি-মি./সে. ? ফুটবলের ভর ১ কেজি।,১৮ ,Physics,Physics
349,একটি বন্দুক থেকে ৪০০ মি./সে. বেগে ১০ গ্রাম ভরের একটি গুলি ছোড়া হল। বন্দুকের ভর ৩/২ কেজি হলে পশ্চাৎ বেগ কত মি./সে.?,২.৬৬ ,Physics,Physics
350,"১ কেজি ভরের একটি বন্দুক থেকে ৫ গ্রাম ভরের একটি গুলি ছোড়া হলে বন্দুকটি ২ মি./সে. পশ্চাৎ বেগ প্রাপ্ত হয়, গুলির শেষবেগ কত মি./সে.?",৪০০,Physics,Physics
351,২ মি./সে. বেগে গতিশীল ১০ কেজি ভরের কোন বস্তুর উপর বল প্রয়োগ করলে এর ত্বরণ ২ মি./সে.^২ হল। ২ সেকেন্ড পর এর ভরবেগের পরিবর্তন কত কেজি-মি./সে. হবে?,৪০,Physics,Physics
352,১০ কেজি ভরের একটি স্থির বস্তুর উপর ২০০ নিউটন বল ২০ সেকেন্ড যাবত কাজ করে। ২০ সেকেন্ড পর বেগ কত মি./সে. হবে?,৪০০,Physics,Physics
353,একটি বস্তুর ভর ২ কেজি এবং আদিবেগ ৫ মি./সে.। ৩ সেকেন্ড পর বস্তুটির বেগ ৮ মি./সে. হলে বস্তুর উপর প্রযুক্ত বল কত নিউটন হবে? ,২,Physics,Physics
354,৫ কেজি ও ৮ কেজি ভরের দুটি বস্তুর মধ্যে ক্রিয়াশীল বল ৮ x ১০^-৮ নিউটন। তাদের মধ্যবর্তী দূরত্ব কত মিটার?,০.১৮,Physics,Physics
355,ভূপৃষ্ঠ হতে ৫০০ কি.মি উপরে অভিকর্ষজ ত্বরণের মান কত? পৃথিবীর ভর ৫.৯৮ x ১০^২৪ কেজি এবং ব্যাসার্ধ ৬.৩৭ x ১০^৬ মিটার।,৮.৪৫,Physics,Physics
356,একটি শৃঙ্গের চূড়ায় অভিকর্ষজ ত্বরণের মান ৯.৭৭ মি./সে.^২। পর্বতশৃঙ্গটির উচ্চতা কত মিটার?,১৯৪৯০.৪৭,Physics,Physics
357,একটি তলে রাখা ৮ কেজি ভরের কোন বস্তুর উপর ৩০ নিউটন বল প্রয়োগ করায় বস্তুটি ৩ মি./সে.^২ ত্বরণ লাভ করে। বস্তু ও তলের মধ্যকার ঘর্ষণ বল কত নিউটন?,৬,Physics,Physics
358,২ কেজি ভরের একটি স্থির বস্তুকে উপর থেকে ছেড়ে দিলে ৩ সেকেন্ডে ৩৬ মিটার পথ অতিক্রম করে। বস্তুটির ত্বরণ কত মি./সে.^২?,৮,Physics,Physics
359,২ কেজি ভরের একটি স্থির বস্তুকে উপর থেকে ছেড়ে দিলে ৩ সেকেন্ডে ৩৬ মিটার পথ অতিক্রম করে। উক্ত ঘটনায় প্রবাহী ঘর্ষণবল কত নিউটন?,৩.৬,Physics,Physics
360,২ কেজি ভরের একটি স্থির বস্তুকে উপর থেকে ছেড়ে দিলে ৩ সেকেন্ডে ৩৬ মিটার পথ অতিক্রম করে। ৬ সেকেন্ডে কত মিটার পথ অতিক্রম করবে?,১৪৪,Physics,Physics
361,২ কেজি ভরের একটি স্থির বস্তুকে উপর থেকে ছেড়ে দিলে ৩ সেকেন্ডে ৩৬ মিটার পথ অতিক্রম করে। ৩ সেকেন্ড পর বস্তুটির বেগ কত মি./সে. হবে?,২৪,Physics,Physics
362,একই রাস্তায় পরস্পর বিপরীত দিক থেকে আগত ১৫ কেজি ও ১০ কেজি ভরের দুটি বস্তু যথাক্রমে ৩ মি./সে. এবং ৫ মি./সে. বেগে আসে এবং মুখোমুখি সংঘর্ষ হয়ে একসাথে আটকে যায়। মিলিত অবস্থায় বেগ কত মি./সে.?,০.২০,Physics,Physics
363,একই রাস্তায় পরস্পর বিপরীত দিক থেকে আগত ১৫ কেজি ও ১০ কেজি ভরের দুটি বস্তু যথাক্রমে ৩ মি./সে. এবং ৫ মি./সে. বেগে আসে এবং মুখোমুখি সংঘর্ষ হয়ে একসাথে আটকে যায়। সংঘর্ষের আগে ২য় বস্তুর গতিশক্তি কত জুল?,১২৫,Physics,Physics
364,নাসির ১০ মি./সে. বেগে একটি গাড়ি চালিয়ে রামপুরা থেকে মালিবাগের দিকে অগ্রসর হল। কিন্তু রাস্তায় ট্রাফিক জ্যামের সম্মুখীন হয়ে তিনি ব্রেক কষলে ৫ সেকেন্ড পর তার গাড়ি থেমে গেল। নাসিরের গাড়িটির মন্দন কত মি./সে.^২?,২,Physics,Physics
365,৩ কেজি ভরের একটি বস্তু ২ মি./সে. বেগে পূর্বদিকে চলছে। ১ কেজি ভরের অপর একটি বস্তু ২ মি./সে. বেগে পশ্চিমদিকে চলছে। কোন এক সময় বস্তু দুটির মধ্যে সংঘর্ষের ফলে এরা মিলে এক হয়ে গেল। মিলিত বস্তুদ্বয়ের বেগ কত মি./সে.?,১,Physics,Physics
366,৫ কেজি ভরের একটি বন্দুক থেকে ৫০০ মি./সে. বেগে ২০ গ্রাম ভরের একটি গুলি ০.১ সেকেন্ড ধরে ছোঁড়া হল। বন্দুকের পশ্চাৎ বেগ কত মি./সে.?,২,Physics,Physics
367,৫ কেজি ভরের একটি বন্দুক থেকে ৫০০ মি./সে. বেগে ২০ গ্রাম ভরের একটি গুলি ০.১ সেকেন্ড ধরে ছোঁড়া হল। গুলির বলের ঘাত কত কেজি-মি./সে.?,১০,Physics,Physics
368,৫ কেজি ভরের একটি বন্দুক থেকে ৫০০ মি./সে. বেগে ২০ গ্রাম ভরের একটি গুলি ০.১ সেকেন্ড ধরে ছোঁড়া হল। গুলির উপর বন্দুকের ক্রিয়াশীল বলের মান কত?,১০০,Physics,Physics
369,একটি ম্যাচ বাক্সের কাঠি দিয়ে বাক্সে ৩ নিউটন বলে ঘষা হল। কাঠিটিকে ৪ সে.মি. টানা হলে কাঠি ঘষতে কত জুল শক্তি ব্যয় হল?,০.১২,Physics,Physics
370,একটি বস্তুকে সুতায় বেধে উল্লম্বতলে একবার ঘুরিয়ে আনলে সম্পাদিত কাজের পরিমান কত জুল?,০,Physics,Physics
371,একটি বস্তুর উপর ১০ নিউটন বল প্রয়োগ করায় বলের বিপরীতে বস্তুর ২ মিটার সরণ হলে কাজের পরিমান কত জুল?,-২০,Physics,Physics
372,৭০ কেজি ভরের একজন লোক ২০০ মিটার উঁচু পাহাড়ে আরোহণ করলে তিনি কত জুল কাজ করবেন? অভিকর্ষজ ত্বরণ ৯.৮ মি./সে.^২।,১৩৭২০০,Physics,Physics
373,৬০ কেজি ভরের একজন দৌড়বিদ ১২.৫ সেকেন্ডে ১০০ মিটার দূরত্ব অতিক্রম করলে তার গতিশক্তি কত জুল হবে?,১৯২০,Physics,Physics
374,৫ কেজি ভরের একটি বস্তুকে ৫০ মিটার উঁচু দালানের ছাদ থেকে নিচে ফেলে দেয়া হল। ভূমিতে স্পর্শ করার আগ মুহূর্তে গতিশক্তি কত জুল হবে? ,২৪৫০,Physics,Physics
375,৫০০ কেজি ভরের একটি বস্তু ২০ মি./সে. বেগে চলছে। বস্তুটিতে ০.৫ মি./সে.^২ মন্দন সৃষ্টি করলে ১০ সেকেন্ড পরে এর গতিশক্তি কত জুল হবে?,৫৬২৫০,Physics,Physics
376,"৬০ কেজি ভরের একজন দৌড়বিদের গতিশক্তি ১৯২০ জুল হলে, তার বেগ কত?",৮,Physics,Physics
377,৫ মি./সে. বেগে গতিশীল ১০ কেজি ভরের একটি বস্তুর উপর গতিরদিকে আরও ২০ জুল শক্তি প্রদান করা হল। বস্তুটির বেগ কত মি/সে হবে?,৫.৩৮,Physics,Physics
378,২ কেজি ভরের কোন বস্তুর বেগ ৩ মি./সে. থেকে ৫ মি./সে. করা হলে এর গতিশক্তি কত জুল বৃদ্ধি পাবে?,২৭,Physics,Physics
379,"একটি বস্তুর বেগ কত হলে, তাদের ভরবেগ ও গতিশক্তির মান সমান হবে?",২,Physics,Physics
380,নির্দিষ্ট ভরের বস্তুর গতিশক্তি ৪ গুন করলে এর বেগ কতগুণ হবে?,২,Physics,Physics
381,একটি মোটর ২ কেজি ভরের বস্তু ৫ মিটার উচ্চতায় উত্তোলন করতে মোট ১০৭ জুল শক্তি খরচ করে। মোটরটিতে মোট কত জুল শক্তি অপচয় হয়?,৯,Physics,Physics
382,১ কিলোওয়াট মোটর ব্যবহার করে ১৫ সেকেন্ডে ১০০ কেজি ভরের বস্তুকে ১০ মিটার উপরে তোলা হলে শক্তির অপচয় কত জুল?,৫২০০,Physics,Physics
383,৭০ কেজি ভরের একজন লোক ৫ মিনিটে ১০০ মিটার উঁচু পাহাড়ে আরোহণ করলে তার ক্ষমতা কত ওয়াট? অভিকর্ষজ ত্বরণ ৯.৮ মি./সে.^২।,২২৮.৬৬,Physics,Physics
384,৪০ কেজি ভরের একটি বালক ১২ সেকেন্ডে ৬ মিটার উঁচু সিঁড়ি অতিক্রম করলে তার ক্ষমতা কত ওয়াট? অভিকর্ষজ ত্বরণ ৯.৮ মি./সে.^২।,১৯৬,Physics,Physics
385,৫০ কেজি ভরের কোন লোক ২৫ সে.মি. ২০ টি সিঁড়ি উঠতে কত জুল কাজ করবেন?,২৪৫০,Physics,Physics
386,একটি যন্ত্র ২০০ কেজি ভরের বস্তুকে মাটি থেকে ১৫০ মিটার উচ্চতায় ৫০ সেকেন্ড সময়ে তুলতে পারে। যন্ত্রটির ক্ষমতা কত কিলোওয়াট? ,৬,Physics,Physics
387,প্রত্যেকটি ধাপে ১০% শক্তি অপচয় হলে দুই ধাপে কর্মদক্ষতা শতকরা কত??,৮১,Physics,Physics
388,৫০০ ওয়াট ক্ষমতার একটি মোটর দ্বারা ১০ সেকেন্ডে একটি ১৫০ কেজি ভরের বস্তুকে ২০ মিটার উচ্চতায় তোলা হল। শক্তির অপচয় কত জুল?,২০৬০,Physics,Physics
389,৭০০ জুল তড়িৎ শক্তি ব্যবহার করে একটি বৈদ্যুতিক মোটর দ্বারা ৪০ নিউটন ওজনের একটি বস্তুকে ১০ মিটার উচ্চতায় উঠানো হল। মোটরটির কর্মদক্ষতা শতকরা কত?,৫৭.১৪,Physics,Physics
390,কোন বস্তুর গতিশক্তি ৯ গুণ করতে দূরত্ব কত গুণ করতে হবে?,৯,Physics,Physics
391,কোন বস্তুর গতিশক্তি ১৬ গুণ করতে বেগ কত গুণ করতে হবে?,৪,Physics,Physics
392,কোন যন্ত্র দ্বারা ৫ কেজি ভরের একটি বস্তুকে ২ মিনিটে ১৫ মিটার উচ্চতায় উঠানো হল। যন্ত্রের কার্যকর ক্ষমতা কত ওয়াট?,৬.১২,Physics,Physics
393,ঘর্ষণবিহীন কোন মেঝেতে ১ মি./সে. বেগে গতিশীল ১ কেজি ভরের খেলনা গাড়ির গতির দিকে তুমি ১ নিউটন বলে ধাক্কা দিলে। ধাক্কা দেওয়ার ১০ সেকেন্ড পর গাড়িটির অতিক্রান্ত দূরত্ব কত মিটার?,৬০,Physics,Physics
394,ঘর্ষণবিহীন কোন মেঝেতে ১ মি./সে. বেগে গতিশীল ১ কেজি ভরের খেলনা গাড়ির গতির দিকে তুমি ১ নিউটন বলে ধাক্কা দিলে। ধাক্কা দেওয়ার ৫ সেকেন্ড পর গাড়িটির গতিশক্তি কত জুল?,১৮,Physics,Physics
395,ঘর্ষণবিহীন কোন মেঝেতে ১ মি./সে. বেগে গতিশীল ১ কেজি ভরের খেলনা গাড়ির গতির দিকে তুমি ১ নিউটন বলে ধাক্কা দিলে। ধাক্কা দেওয়ার ৫ সেকেন্ড পর গাড়িটির শক্তির পরিবর্তন কত জুল?,১৭.৫,Physics,Physics
396,৬০ মিটার উচ্চতা থেকে পড়ন্ত ২ কেজি ভরের একটি বস্তু ভূমি থেকে ১০ মিটার উচ্চতায় এর গতিশক্তি বিভবশক্তির কত গুণ হবে?,৫,Physics,Physics
397,১০ কেজি ভরের একটি স্থির বস্তুর উপর ১০ সেকেন্ড যাবত ২২ নিউটন বল প্রয়োগ করা হল। বস্তুটি যে তলে চলছিলো তার ঘর্ষণ বলের মান ২ নিউটন। ১০ সেকেন্ড পরে বস্তুর বেগ কত মি./সে.?,২০,Physics,Physics
398,৪০ কেজি ভরের এক বালক সিঁড়ি দিয়ে ১৫ সেকেন্ড এ ছাদে উঠে। সিঁড়িতে ধাপের সংখ্যা ২০ টি ও প্রতিটি ধাপের উচ্চতা ১৬ সে.মি.। বালকটি কত জুল কাজ করেছিল?,১২৫৪.৪,Physics,Physics
399,৪০ কেজি ভরের এক বালক সিঁড়ি দিয়ে ১৫ সেকেন্ড এ ছাদে উঠে। সিঁড়িতে ধাপের সংখ্যা ২০ টি ও প্রতিটি ধাপের উচ্চতা ১৬ সে.মি.। বালকটির ক্ষমতা কত ওয়াট?,৮৩.৬২,Physics,Physics
400,১০ গ্রাম ভরের একটি বস্তুকে ভূমি থেকে ৬০ মিটার উচ্চতা হতে ফেলে দেওয়া হল। ভূমি থেকে কত উচ্চতায় বস্তুটির বিভবশক্তি এর গতিশক্তির পাঁচগুণ হবে?,৫০,Physics,Physics
401,১০ গ্রাম ভরের একটি বস্তুকে ভূমি থেকে ৬০ মিটার উচ্চতা হতে ফেলে দেওয়া হল। ৩ সেকেন্ড পর বস্তুটির ভরবেগ কত কেজি-মি./সে. হবে?,০.২৯,Physics,Physics
402,একক ভরের একটি বস্তুকে ১০ মি./সে. বেগে উপরের দিকে ছুড়ে দেয়া হল। বস্তুটি সর্বোচ্চ কত মিটার উপরে উঠবে?,৫.১০,Physics,Physics
403,একক ভরের একটি বস্তুকে ১০ মি./সে. বেগে উপরের দিকে ছুড়ে দেয়া হল। ভূমি থেকে কত মিটার উচ্চতায় বস্তুটির গতিশক্তি ও বিভবশক্তি সমান হবে?,২.৫৫,Physics,Physics
404,৫০ গ্রাম ভরের একটি বস্তুকে ভূমি থেকে ৬০ মিটার উঁচু একটি টাওয়ারে রাখা হল। টাওয়ারের উপরে বস্তুটির বিভবশক্তি কত জুল?,২৯.৪০,Physics,Physics
405,৫০ গ্রাম ভরের একটি বস্তুকে ভূমি থেকে ৬০ মিটার উঁচু একটি টাওয়ারে রাখা হল। টাওয়ারের উপরে থেকে বস্তুটি অভিকর্ষজ বলের প্রভাবে পড়তে থাকলে ভূমি থেকে কত উচ্চতায় বস্তুর গতিশক্তি বিভবশক্তির ৩ গুণ হবে?,১৫,Physics,Physics
406,০.২০ মিটার উচ্চতার একটি পাত্রকে পানি দ্বারা পূর্ণ করা হল। পাত্রের নিম্নতলে কত প্যাসকেল চাপ অনুভূত হবে?,১৯৬০,Physics,Physics
407,কোন সিলিন্ডারের উপর প্রযুক্ত চাপ ২.৪৫ x ১০^৪ প্যাসকেল এবং সিলিন্ডারটির উপর প্রযুক্ত বল ৪৯০ নিউটন তাহলে সিলিন্ডারটির ক্ষেত্রফল কত বর্গ সে.মি.?,২০০,Physics,Physics
408,"জুতা পায়ে কোন মহিলার ভর ৪০ কেজি, তার জুতার তলার ক্ষেত্রফল ২০০ বর্গ সে.মি. এবং শরীরের ক্ষেত্রফল ১.৫ বর্গমিটার হলে মহিলাটি শুয়ে থাকলে চাপ কত প্যাসকেল হবে?",২৬১.৩৩,Physics,Physics
409,"জুতা পায়ে কোন মহিলার ভর ৪০ কেজি, তার জুতার তলার ক্ষেত্রফল ২০০ বর্গ সে.মি. এবং শরীরের ক্ষেত্রফল ১.৫ বর্গমিটার হলে মহিলাটি দুই পায়ে দাড়িয়ে থাকলে চাপ কত প্যাসকেল হবে?",৯৮০০,Physics,Physics
410,"জুতা পায়ে কোন মহিলার ভর ৪০ কেজি, তার জুতার তলার ক্ষেত্রফল ২০০ বর্গ সে.মি. এবং শরীরের ক্ষেত্রফল ১.৫ বর্গমিটার হলে মহিলাটি এক পায়ে দাড়িয়ে থাকলে চাপ কত প্যাসকেল হবে?",১৯৬০০,Physics,Physics
411,০.৭০ ঘনমিটার আয়তনের একটি বস্তুর ভর ১৪ কেজি হলে এর ঘনত্ব কত গ্রাম/সি.সি.?,০.০২,Physics,Physics
412,"একটি চোঙের ভূমির ক্ষেত্রফল ০.৩০ বর্গমিটার এবং উচ্চতা ০.২০ মিটার। ঐ চোঙটি পূর্ণ করতে ৭৫.৬ কেজি গ্লিসারিন প্রয়োজন হলে, গ্লিসারিন এর ঘনত্ব কত গ্রাম/সি.সি.?",১.২৬,Physics,Physics
413,কোন বস্তুর ঘনত্ব ১০০০ কেজি/ঘনমিটার এবং ভর ২০০ কেজি হলে আয়তন কত ঘনমিটার?,০.২০,Physics,Physics
414,৫ ঘনমিটার পানির ভর কত?,৫০০০,Physics,Physics
415,কোন পুকুরের পানির গভীরতা ১ মিটার। উহার তলদেশে কত প্যাসকেল চাপ প্রযুক্ত হবে?,৯৮০০,Physics,Physics
416,"পানিভর্তি একটি পুকুরের দৈর্ঘ্য ২৫ মিটার, প্রস্থ ২০ মিটার এবং গভীরতা ৪ মিটার। পুকুরটির তলদেশে চাপ কত প্যাসকেল?",৩৯২০০,Physics,Physics
417,কোন স্থানের বাায়ুমণ্ডলীয় চাপ ৯৩২৯৬ প্যাসকেল। কেরোসিনের ঘনত্ব ৮০০ কেজি/ ঘনমিটার এবং বেনজিনের ঘনত্ব ৯৮০ কেজি/ ঘনমিটার। পানির স্তম্ভের উচ্চতা কত মিটার?,৯.৫২,Physics,Physics
418,কোন স্থানের বাায়ুমণ্ডলীয় চাপ ৯৩২৯৬ প্যাসকেল। কেরোসিনের ঘনত্ব ৮০০ কেজি/ ঘনমিটার এবং বেনজিনের ঘনত্ব ৯৮০ কেজি/ ঘনমিটার। পারদ স্তম্ভের উচ্চতা কত মিটার?,০.৭০,Physics,Physics
419,একটি মাপ চোঙে ৪০০ ঘন সে.মি. পানি আছে। একটি বস্তু নিমজ্জিত করায় পানির আয়তন ৫০০ ঘন সে.মি. হল। প্লবতার মান কত?,০.৯৮,Physics,Physics
420,কর্কের ঘনত্ব ০.২৫ x ১০^৩ কেজি/ঘনমিটার হলে পানিতে ভাসিয়ে দিলে কর্কের শতকরা কত শতাংশ পানির নিচে থাকবে?,২৫,Physics,Physics
421,"এক টুকরো কাঠ পানিতে ভাসিয়ে দিলে তার শতকরা কত শতাংশ ডুবে থাকবে? ( কাঠের ঘনত্ব ০.৪০ x ১০^৩ কেজি/ঘনমিটার, পানির ঘনত্ব ১ x ১০^৩ কেজি/ঘনমিটার )",৪০,Physics,Physics
422, বল বৃদ্ধিকরণ নীতির উপর ভিত্তি করে প্রতিষ্ঠিত কোন হাইড্রোলিক প্রেসের ছোট পিস্টন অপেক্ষা বড় পিস্টনের ব্যাস ৮ গুণ করা হয় তবে বড় পিস্টনে কত গুণ বল অনুভূত হবে?,৬৪,Physics,Physics
423,"একটি নল দ্বারা সংযুক্ত দুটি সিলিন্ডারে পিস্টন নিচ্ছিদ্রভাবে লাগানো আছে, ছোট পিস্টনের চেয়ে বড় পিস্টনের প্রস্থচ্ছেদের ক্ষেত্রফল যদি ১০ গুণ বড় হয় তাহলে ছোট পিস্টনে ২ নিউটন বল প্রয়োগ করলে বড় পিস্টনে কি পরিমাণ ঊর্ধ্বমুখী বল অনুভূত হবে?  ",২০,Physics,Physics
424,কোন বদ্ধ তরলে বড় পিস্টনের প্রস্থচ্ছেদের ক্ষেত্রফল ছোট পিস্টনের ১০ গুণ। ছোট পিস্টনে ২০০০ প্যাসকেল চাপ প্রয়োগ করলে বড় পিস্টনে কত চাপ অনুভূত হবে?  ,২০০০,Physics,Physics
425,একটি হাইড্রোলিক প্রেসের ছোট ও বড় পিস্টনের ক্ষেত্রফল যথাক্রমে ১০ বর্গ সে.মি. ও ৩৫০ বর্গ সে.মি.। ছোট পিস্টনে ১০০ নিউটন বল প্রয়োগ করলে বড় পিস্টনে কত বল পাওয়া যাবে?,৩৫০০,Physics,Physics
426,একটি হাইড্রোলিক প্রেসের ছোট ও বড় পিস্টনের ক্ষেত্রফল যথাক্রমে ৫ বর্গ সে.মি. ও ২৫ বর্গ সে.মি.। ছোট পিস্টনে ১০০ নিউটন বল প্রয়োগ করলে বড় পিস্টনে কত বল পাওয়া যাবে?,৫০০,Physics,Physics
427,৬ মিটার দীর্ঘ এবং ১ বর্গ মি.মি. প্রস্থচ্ছেদের ক্ষেত্রফল বিশিষ্ট একটি খাড়া তারের প্রান্তে ২০ কেজি এর একটি ভর ঝুলিয়ে দেওয়া হল। তারের উপাদানের ইয়ং এর গুনাঙ্ক ২.৩৫ x ১০^১১ নিউটন/ মিটার^২। তারটি কত মি.মি. বৃদ্ধি পাবে?,৫,Physics,Physics
428,একটি ধাতব গোলকের উপর ৩ x ১০^৬ নিউটন/ মিটার^২ আয়তন পীড়ন প্রয়োগ করলে আয়তন বিকৃতি কত হবে? ( আয়তন গুনাঙ্ক ৪ x ১০^৬ নিউটন/ মিটার^২ ),০.৭৫,Physics,Physics
429,২০০ ঘনমিটার আয়তন বিশিষ্ট একটি গোলাকার বস্তুর অর্ধেক পানিতে ডুবে ভেসে আছে। গোলকটি দ্বারা অপসারিত পানির ওজন কত নিউটন?,০.৯৮,Physics,Physics
430,২০০ ঘনমিটার আয়তন বিশিষ্ট একটি গোলাকার বস্তুর অর্ধেক পানিতে ডুবে ভেসে আছে। গোলকটির ঘনত্ব কত কেজি/ঘনমিটার?,৫০০,Physics,Physics
431,২০০ ঘনমিটার আয়তন বিশিষ্ট একটি গোলাকার বস্তুর অর্ধেক পানিতে ডুবে ভেসে আছে। গোলকটির প্লবতা কত?,০.৯৮,Physics,Physics
432,"একটি পুকুরের দৈর্ঘ্য, প্রস্থ এবং উচ্চতা যথাক্রমে ৩০ মিটার, ২০ মিটার, ৩ মিটার। পুকুরটি অর্ধপূর্ণ থাকলে তলদেশের কোন বিন্দুতে চাপ কত প্যাসকেল?",১৪৭০০,Physics,Physics
433,"তাপমাত্রার পার্থক্য ১ ডিগ্রী সেলসিয়াস হলে, কেলভিন স্কেলে এ পার্থক্য কত হবে?",১,Physics,Physics
434,কোন একদিনের তাপমাত্রা ২৫ ডিগ্রী সেলসিয়াস থেকে ৩০ ডিগ্রী সেলসিয়াস হল। ফারেনহাইট স্কেলে তাপমাত্রা বৃদ্ধি কত হবে?,৯,Physics,Physics
435,৫ ডিগ্রী সেলসিয়াস ফারেনহাইট স্কেলে কত হবে?,৪১,Physics,Physics
436,৪০ ডিগ্রী সেলসিয়াস তাপমাত্রা কত ফারেনহাইটের সমান?,১০৪,Physics,Physics
437,৫০ ডিগ্রী ফারেনহাইট কত ডিগ্রী সেলসিয়াসের সমান?,১০,Physics,Physics
438,কোন বস্তুর তাপমাত্রা ২৭৭ কেলভিন হলে ফারেনহাইট স্কেলে এর মান কত?,৩৯.২০,Physics,Physics
439,কোন তাপমাত্রায় ফারেনহাইট স্কেলের পাঠ সেলসিয়াস স্কেলের পাঠের দ্বিগুণ?,৩২০,Physics,Physics
440,৬০ ডিগ্রী সেলসিয়াস তাপমাত্রায় একটি ইস্পাতের বিমের দৈর্ঘ্য ২০ মিটার হলে ১০০ ডিগ্রী সেলসিয়াস তাপমাত্রায় এর দৈর্ঘ্য বৃদ্ধি কত মিটার হবে? ইস্পাতের দৈর্ঘ্য প্রসারণ সহগ ১১.৬ x ১০^-৬ /কেলভিন।,০.৯২,Physics,Physics
441,"একটি তামার দণ্ডের তাপমাত্রা ১০০ ডিগ্রী সেলসিয়াস বৃদ্ধি করায় যদি এর শেষ দৈর্ঘ্য ১০.০১৬৭ মিটার হয়, তাহলে তারটির আদি দৈর্ঘ্য কত মিটার ছিল?",১০,Physics,Physics
442,২৫ ডিগ্রী সেলসিয়াস তাপমাত্রা ও ১২ x ১০^৩ নিউটন/ মিটার^২ চাপে ২ মোল গ্যাসের আয়তন কত? (গ্যাস ধ্রুবকের মান ৮.৩১৪),০.৪১,Physics,Physics
443,একটি আবদ্ধ পাত্রে ০.২৫ ঘনমিটার আয়তনের গ্যাস রাখা আছে। গ্যাসের চাপ ২৭ x ১০^৩ প্যাসকেল এবং তাপমাত্রা ৪০ ডিগ্রি সেলসিয়াস। গ্যাসের পরিমাণ নির্ণয় কর। ( গ্যাস ধ্রুবকের মান ৮.৩১৪ ),২.৬,Physics,Physics
444,১০০ গ্রাম পানির তাপমাত্রা ৩০ ডিগ্রী সেলসিয়াস থেকে ৩৫ ডিগ্রী সেলসিয়াস পর্যন্ত উঠাতে কি পরিমাণ তাপের প্রয়োজন?,২১০০,Physics,Physics
445,২০০ গ্রাম পানির তাপমাত্রা ২০ ডিগ্রী সেলসিয়াস থেকে ৩০ ডিগ্রী সেলসিয়াস পর্যন্ত উঠাতে কি পরিমাণ তাপের প্রয়োজন?,৮৪০০,Physics,Physics
446,১০ কেজি ভরের পানির তাপমাত্রা ১ কেলভিন বাড়াতে কত তাপ লাগবে?,৪২০০০,Physics,Physics
447,৫ x ১০^-২ ভরের কোন বস্তুর তাপমাত্রা ২০ ডিগ্রী সেলসিয়াস থেকে ১০০ ডিগ্রী সেলসিয়াস এ উন্নীত করতে ১৫২০ জুল তাপ লাগে। বস্তুটির আপেক্ষিক তাপ কত?,৩৮০,Physics,Physics
448,১ কেজি বরফের তাপমাত্রা ১ কেলভিন বৃদ্ধি করতে কত তাপ লাগবে?,২১০০,Physics,Physics
449,পাত্রে রক্ষিত কিছু পানির তাপ ধারণ ক্ষমতা ৬০৯০ জুল/কেলভিন হলে পানির ভর কত কেজি?,১.৪৫,Physics,Physics
450,৫ কেজি ভরের বস্তুর তাপ ধারণ ক্ষমতা ৬১৫০ জুল/কেলভিন হলে তার আপেক্ষিক তাপ কত?,১২৩০,Physics,Physics
451,রুপার আপেক্ষিক তাপ ২৩০ জুল/কেজি/কেলভিন হলে ৫ কেজি রুপার তাপধারণ ক্ষমতা কত?,১১৫০,Physics,Physics
452,"১০ কেজি ভরের একটি বস্তুর তাপধারণ ক্ষমতা ৪০০০ জুল/কেলভিন হলে, বস্তুটির আপেক্ষিক তাপ কত?",৪০০,Physics,Physics
453,তামার আপেক্ষিক তাপ ৪০০ জুল/কেজি/কেলভিন হলে ৫ কেজি তামার তাপধারণ ক্ষমতা কত?,২০০০,Physics,Physics
454,৫ কেজি পানিতে ০.৫ কেজি বরফ রাখা হল। বরফ ৭৬৯ কিলোজুল তাপ বর্জন করলে পানি দ্বারা গৃহীত তাপ কত কিলোজুল?,৭৬৯,Physics,Physics
455,"৩০ ডিগ্রী সেলসিয়াস তাপমাত্রার ১৫০ গ্রাম পানিতে ৭৫ ডিগ্রী সেলসিয়াস লোহার দণ্ড নিমজ্জিত করা হল এবং চূড়ান্ত তাপমাত্রা ৫৬ ডিগ্রী সেলসিয়াস হল। পানির আপেক্ষিক তাপ ৪২০০ জুল/কেজি/কেলভিন, লোহার আপেক্ষিক তাপ ও ঘনত্ব যথাক্রমে ৪৫০ জুল/কেজি/কেলভিন এবং ৭৮০০ কেজি/ঘন মিটার। পানির গৃহীত তাপ কত জুল?",১৬৩৮০,Physics,Physics
456,"রেললাইনের উপর দিয়ে ট্রেন গেলে তাপমাত্রার পার্থক্য ৩৫ ডিগ্রী সেলসিয়াস হয়, লোহার দৈর্ঘ্য প্রসারন সহগ ৩৪.৮ x ১০^-৬ /কেলভিন। গরম হওয়ার ফলে ১০০ মিটার দীর্ঘ রেললাইনের দৈর্ঘ্য কত সে.মি. বৃদ্ধি পায়?",১২.১৮,Physics,Physics
457,০.১ মিটার লম্বা একটি সুতা দিয়ে ১০ গ্রাম ভরের একটি ঘড়ি ঝুলিয়ে দেয়া হলে ভরটির দোলনকাল কত হবে?,০.৬৩,Physics,Physics
458,পর্যায়কাল ৫ সেকেন্ড হলে কম্পাঙ্ক কত?,  ০.২,Physics,Physics
459,কোন বস্তু ৫ সেকেন্ডে ১০ টি পূর্ণ স্পন্দন সম্পন্ন করলে কম্পাঙ্ক কত হবে?,২০,Physics,Physics
460,পরপর দুটি তরঙ্গ শীর্ষের দূরত্ব ২ সে.মি. একটি তরঙ্গ শীর্ষ পরবর্তী তরঙ্গ পাদের দূরত্ব কত সে.মি.?,১,Physics,Physics
461,৩০০ হার্টজ কম্পাঙ্কে স্পন্দিত কোন রেডিও স্পিকার থেকে উৎপন্ন শব্দ তরঙ্গের তরঙ্গদৈর্ঘ্য বায়ুতে ১.১৫ মিটার হলে বায়ুতে শব্দ তরঙ্গের বেগ কত?,৩৪৫,Physics,Physics
462,দুই কিলো হার্টজ কম্পাঙ্ক বিশিষ্ট শব্দ লোহার পাইপে ৫১৩০ মি/সে. বেগে সঞ্চালিত হলে উক্ত শব্দের তরঙ্গ দৈর্ঘ্য কত?,২.৫৭,Physics,Physics
463,ঢাকা বেতার কেন্দ্রে মিডিয়াম ওয়েবে ৬৩০ কিলো হার্টজ এ অনুষ্ঠান সম্প্রচার করে রেডিও তরঙ্গের বেগ ৩ x ১০^৮ মি/সে. হলে তরঙ্গ দৈর্ঘ্য কত হবে?,৪৭৬.১৯,Physics,Physics
464,শব্দের বেগ ৩৪০ মি/সে. হলে ২০ সেন্টিমিটার তরঙ্গ দৈর্ঘ্যের বস্তুর কম্পাঙ্ক কত?,১৭০০,Physics,Physics
465,বাতাসে শব্দের বেগ ৩৫০ মি/সে.। একটি শব্দ তরঙ্গের তরঙ্গ দৈর্ঘ্য ৩৫ সেন্টিমিটার হলে এর কম্পাঙ্ক কত হবে?,১০০০,Physics,Physics
466,একটি শব্দের পর্যায়কাল ৫.৮ x ১০^-৪ সেকেন্ড এবং শব্দের বেগ ৩২০ মি/সে. হলে তরঙ্গদৈর্ঘ্য কত মিটার?,০.১৮,Physics,Physics
467,৩০ ডিগ্রী সেলসিয়াস তাপমাত্রায় কোন স্থান থেকে শব্দ করলে ০.১২ সেকেন্ড পর শব্দের প্রতিধ্বনি শোনা যায়। শব্দের উৎস হতে প্রতিফলক পৃষ্ঠের দূরত্ব কত?,২০.৮৫,Physics,Physics
468,৫ মোল নাইট্রোজেন ডাই অক্সাইড এর আণবিক ভর কত?,২৩০,Chemistry,Chemistry
469,কার্বন ডাই অক্সাইড এর ২০ মোলের আণবিক ভর কত?,৮৮০,Chemistry,Chemistry
470,কার্বন মনো অক্সাইড এর ১০ মোলের আণবিক ভর কত?,২৮০,Chemistry,Chemistry
471,৬ মোল নাইট্রোজেন এর আণবিক ভর কত?,১৬৮,Chemistry,Chemistry
472,সালফার ডাই অক্সাইড এর ১৫ মোলের আণবিক ভর কত?,৯৬০,Chemistry,Chemistry
473,৩ মোল ক্লোরিনের আণবিক ভর কত?,২১৩,Chemistry,Chemistry
474,মিথেনের ১২ মোলের আণবিক ভর কত?,১৯২,Chemistry,Chemistry
475,৭ মোল অ্যামোনিয়ার আণবিক ভর কত?,১১৯,Chemistry,Chemistry
476,১১ মোল ইথিনের আণবিক ভর কত?,৩০৮,Chemistry,Chemistry
477,হাইড্রোক্লোরিক এসিডের ১০ মোলের আণবিক ভর কত?,৩৬৫,Chemistry,Chemistry
478,অ্যালুমিনিয়াম ফ্লোরাইডের ১০ মোলের আণবিক ভর কত?,৮৪০,,
479,১৯ মোল ফ্লোরিনের আণবিক ভর কত?,৭২২,Chemistry,Chemistry
480,"একটি মৌলের একটি পরমাণুর প্রকৃত ভর যদি ৪.৪৮২ x ১০^-২৩ গ্রাম হয়, তবে এর আপেক্ষিক পারমাণবিক ভর কত হবে?",২৭,Chemistry,Chemistry
481,"একটি মৌলের একটি পরমাণুর প্রকৃত ভর যদি ৩.১৬ x ১০^-২৩ গ্রাম হয়, তবে এর আপেক্ষিক পারমাণবিক ভর কত হবে?",১৯,Chemistry,Chemistry
482,"একটি মৌলের একটি পরমাণুর প্রকৃত ভর যদি ৬.৬৪৪ x ১০^-২৩ গ্রাম হয়, তবে এর আপেক্ষিক পারমাণবিক ভর কত হবে?",৪০,Chemistry,Chemistry
483,"কোনো একটি মৌলের একটি পরমাণুর ভর ৪.৪৮২ x ১০^-২৩ গ্রাম হলে, উহার আপেক্ষিক পারমাণবিক ভর কত হবে?",২৭,Chemistry,Chemistry
484,নাইট্রিক এসিডের ১০ মোলের আণবিক ভর কত?,৬৩০,Chemistry,Chemistry
485,ফসফরিক এসিডের ৫ মোলের আণবিক ভর কত?,৪৯০,Chemistry,Chemistry
486,১১ মোল সালফিউরিক এসিডের আণবিক ভর কত?,১০৭৮,Chemistry,Chemistry
487,ক্যালসিয়াম ফসফেটের ১৩ মোলের আণবিক ভর কত?,৪০৩০,Chemistry,Chemistry
488,১১ মোল কার্বনিক এসিডের আণবিক ভর কত?,৬৮২,Chemistry,Chemistry
489,নাইট্রোজেন ডাই অক্সাইড এর ৭ মোলের আণবিক ভর কত?,৩২২,Chemistry,Chemistry
490,৬ মোল কার্বন ডাই অক্সাইড এর আণবিক ভর কত?,২৬৪,Chemistry,Chemistry
491,৩ মোল কার্বন মনো অক্সাইড এর আণবিক ভর কত?,৮৪,Chemistry,Chemistry
492,নাইট্রোজেন এর ১০ মোলের আণবিক ভর কত?,২৮০,Chemistry,Chemistry
493,৯ মোল সালফার ডাই অক্সাইড এর আণবিক ভর কত?,৫৭৬,Chemistry,Chemistry
494,ক্লোরিনের ১৫ মোলের আণবিক ভর কত?,১০৬৫,Chemistry,Chemistry
495,৩ মোল মিথেনের আণবিক ভর কত?,৪৮,Chemistry,Chemistry
496,অ্যামোনিয়ার ১২ মোলের আণবিক ভর কত?,২০৪,Chemistry,Chemistry
497,ইথিনের ৭ মোল আণবিক ভর কত?,১৯৬,Chemistry,Chemistry
498,১১ মোল হাইড্রোক্লোরিক এসিডের আণবিক ভর কত?,৪০১.৫০,Chemistry,Chemistry
499,১৫ মোল অ্যালুমিনিয়াম ফ্লোরাইডের আণবিক ভর কত?,১২৬০,Chemistry,Chemistry
500,ফ্লোরিনের ১০ মোলের আণবিক ভর কত?,৩৮০,Chemistry,Chemistry
501,গ্লুকোজ এর ১০ মোলের আণবিক ভর কত?,১৮০০,Chemistry,Chemistry
502,৫ মোল গ্লুকোজের আণবিক ভর কত?,৯০০,Chemistry,Chemistry
503,৯ মোল গ্লুকোজের আণবিক ভর কত?,১৬২০,Chemistry,Chemistry
504,১০ মোল তুঁতের আণবিক ভর কত?,২৪৯৫,Chemistry,Chemistry
505,তুঁতের ২০ মোলের আণবিক ভর কত?,৪৯৯০,Chemistry,Chemistry
506,১২ মোল পারক্লোরিক এসিডের আণবিক ভর কত?,১২০৬,Chemistry,Chemistry
507,পারক্লোরিক এসিডের ২২ মোলের আণবিক ভর কত?,২২১১,Chemistry,Chemistry
508,২ মোল কপার সালফেট এর আণবিক ভর কত?,৩১৯,Chemistry,Chemistry
509,পটাশিয়াম ডাইক্রোমেট এর একটি অণুতে কতটি পরমাণু বিদ্যমান?,১১,Chemistry,Chemistry
510,ক্যালসিয়াম ফসফেট এর একটি অণুতে কতটি পরমাণু বিদ্যমান?,১৩,Chemistry,Chemistry
511,অ্যালুমিনিয়াম ফসফেট এর অনুতে পরমাণু সংখ্যা কত?,১৭,Chemistry,Chemistry
512,প্রমাণ অবস্থায় ২ গ্রাম হাইড্রোজেন গ্যাসের আয়তন কত?,২২.৪০,Chemistry,Chemistry
513,৫ গ্রাম হাইড্রোজেন গ্যাসকে ১.২৭ x ১০^২৪ টি ক্লোরিন পরমাণুর মধ্যে চালনা করা হলে এতে কত গ্রাম ক্লোরিন গ্যাস ছিল?,৭৫,Chemistry,Chemistry
514,৫ গ্রাম হাইড্রোজেন গ্যাসকে ৭৫ গ্রাম ক্লোরিন গ্যাসের মধ্যে চালনা করা হলো। বিক্রিয়ায় কত মোল হাইড্রোজেন বাকি থাকে?,১.৪৪ ,Chemistry,Chemistry
515,প্রমাণ অবস্থায় ৩৪ গ্রাম অ্যামোনিয়ার আয়তন কত?,৪৪.৮০,Chemistry,Chemistry
516,১ অণু ফেরিক কার্বনেটে পরমানুর সংখ্যা কত?,১৪,Chemistry,Chemistry
517,০.১ মোল সোডিয়াম হাইড্রোক্সাইড এর ভর কত?,৪,Chemistry,Chemistry
518,০.০০৭৫ মোল হাইডোক্লোরিক এসিড দ্রবণে হাইডোক্লোরিক এসিডের ভর কত?,০.২৭৪,Chemistry,Chemistry
519,৬.০২ x ১০^২৩ টি অক্সিজেন পরমাণুর ভর কত?,১৬,Chemistry,Chemistry
520,৬.০২ x ১০^২২ টি ক্যালসিয়াম কার্বনেটের ভর কত?,১০,Chemistry,Chemistry
521,ইথানলের পাঁচ মোলের ভর কত?,২৩০,Chemistry,Chemistry
522,২০০ গ্রাম ক্যালসিয়াম কার্বনেটের মোল সংখ্যা কত?,২,Chemistry,Chemistry
523,৪০০ গ্রাম ক্যালসিয়ামে কত মোল?,১০,Chemistry,Chemistry
524,৩৬ গ্রাম কার্বন পরমাণুর মোল সংখ্যা কত?,৩,Chemistry,Chemistry
525,৪৯ গ্রাম সালফিউরিক এসিড সমান কত মোল?,০.৫০,Chemistry,Chemistry
526,০.১ মোল সালফিউরিক এসিড সমান কত গ্রাম সালফিউরিক এসিড?,৯.৮০,Chemistry,Chemistry
527,১ মোল তুঁতের কেলাস পানিতে কত গ্রাম অক্সিজেন থাকে?,৮০,Chemistry,Chemistry
528,তুঁতের এক অণুতে যুক্ত পানির ভর কত?,৯০,Chemistry,Chemistry
529,জলীয় বাষ্পের ২.২ মোলের ভর কত?,৩৯.৬,Chemistry,Chemistry
530,প্রমাণ তাপমাত্রা ও চাপে ১.০০৮ গ্রাম হাইড্রোজেনের আয়তন কত?,১১.২০,Chemistry,Chemistry
531,প্রমাণ তাপমাত্রা ও চাপে ১ গ্রাম নাইট্রোজেনের আয়তন কত?,০.৮০,Chemistry,Chemistry
532,প্রমাণ তাপমাত্রা ও চাপে ৭ গ্রাম নাইট্রোজেনের মোলার আয়তন কত?,৫.৬০,Chemistry,Chemistry
533,প্রমাণ অবস্থায় ১৭ গ্রাম অ্যামোনিয়া গ্যাসের আয়তন কত?,২২.৪০,Chemistry,Chemistry
534,প্রমাণ অবস্থায় ৫ গ্রাম কার্বন ডাইঅক্সাইড গ্যাসের আয়তন কত?,২.৫৫,Chemistry,Chemistry
535,প্রমাণ তাপমাত্রা ও চাপে ১১.২ লিটার অ্যামোনিয়ার ভর কত?,৮.৫০,Chemistry,Chemistry
536,প্রমাণ অবস্থায় ১৬ গ্রাম অক্সিজেনের মোলার আয়তন কত?,১১.২০,Chemistry,Chemistry
537,প্রমাণ তাপমাত্রা ও চাপে ২ লিটার ক্লোরিন গ্যাসের ভর কত?,৬.৩৩,Chemistry,Chemistry
538,প্রমাণ তাপমাত্রা ও চাপে ৮৮ গ্রাম কার্বন ডাইঅক্সাইড গ্যাসের আয়তন কত?,২,Chemistry,Chemistry
539,আদর্শ তাপমাত্রা ও চাপে ৬০ গ্রাম সালফার ডাইঅক্সাইড এর আয়তন কত?,২১,Chemistry,Chemistry
540,প্রমাণ অবস্থায় ০.০১ মোল ক্লোরিন গ্যাসের আয়তন কত?,০.২২,Chemistry,Chemistry
541,প্রমাণ অবস্থায় ৩ মোল ফসফিন গ্যাসের ভর কত?,১০২,Chemistry,Chemistry
542,প্রমাণ অবস্থায় ৫ মোল ফসফিন গ্যাসের আয়তন কত?,১১২,Chemistry,Chemistry
543,আদর্শ অবস্থায় ৮.৫ গ্রাম অ্যামোনিয়া গ্যাসের আয়তন কত?,১১.২০,Chemistry,Chemistry
544,প্রমাণ অবস্থায় ১০ গ্রাম হিলিয়াম গ্যাসের আয়তন কত?,৫৬,Chemistry,Chemistry
545,এক মোল অক্সিজেন অণুতে বিদ্যমান অক্সিজেন পরমাণুর সংখ্যা এক মোল পানির অণুতে বিদ্যমান অক্সিজেন পরমাণুর সংখ্যার কতগুন?,২,Chemistry,Chemistry
546,১ লিটার দ্রবণে ০.১ মোল দ্রব দ্রবীভূত থাকলে দ্রবণের ঘনমাত্রা কত হবে?,০.১০,Chemistry,Chemistry
547,১০ গ্রাম হাইড্রোক্লোরিক এসিডকে সম্পূর্ণরূপে প্রশমিত করতে কী পরিমাণ পটাসিয়াম হাইড্রোক্সাইড দরকার?,১৫.৩৪,Chemistry,Chemistry
548,১০ মিলি ০.২ মোলার সোডিয়াম কার্বনেটকে প্রশমিত করতে কত গ্রাম ডেসিমোলার হাইড্রোক্লোরিক এসিড লাগবে?,০.১৪,Chemistry,Chemistry
549,১৭.৭৫ গ্রাম সোডিয়াম সালফেট ২৫০ মিলি দ্রবণে দ্রবীভূত থাকলে দ্রবণের ঘনমত্রা কত?,০.৫০,Chemistry,Chemistry
550,আধা লিটার ডেসিমোলার ঘনমাত্রার সোডিয়াম কার্বনেট এর ভর কত?,৫.৩০,Chemistry,Chemistry
551,২ লিটার ০.২ মোলার সোডিয়াম কার্বনেট দ্রবণে কি পরিমাণ সোডিয়াম কার্বনেট আছে?,৪২.৪০,Chemistry,Chemistry
552,২ লিটার ডেসিমোলার সোডিয়াম হাইড্রোজেন কার্বনেট দ্রবণে কি পরিমাণ সোডিয়াম হাইড্রোজেন কার্বনেট দ্রবীভূত থাকবে?,১৬.৮০,Chemistry,Chemistry
553,৫০০ মিলিলিটার ০.২ মোলার দ্রবণ প্রস্তুত করতে কত গ্রাম খাবার লবণ প্রয়োজন হবে?,৫.৮৫,Chemistry,Chemistry
554,১০০০ মিলি দ্রবণে ১১৭ গ্রাম সোডিয়াম ক্লোরাইড থাকলে দ্রবণের মোলারিটি কত?,২,Chemistry,Chemistry
555,২৫০ মিলি ০.২৫ মোলার পটাসিয়াম কার্বনেট দ্রবণ প্রস্তুত করতে লবনটির কী পরিমাণ লাগবে?,৮.৬২,Chemistry,Chemistry
556,২৫০ মিলি সোডিয়াম কার্বনেট এর সেমিমোলার দ্রবণ তৈরী করতে কি পরিমাণ দ্রব লাগবে? ,১৩.২৫,Chemistry,Chemistry
557,২০০ মিলি দ্রবণে কত গ্রাম সোডিয়াম হাইড্রোক্সাইড দ্রবীভূত থাকলে এর ঘনমাত্রা সেমি মোলার হবে?,৪,Chemistry,Chemistry
558,২৫০ মিলিলিটার ০.১ মোলার সোডিয়াম কার্বনেট এর দ্রবণ করার জন্য কত গ্রাম সোডিয়াম কার্বনেট প্রয়োজন?,২.৬৫,Chemistry,Chemistry
559,২ লিটার ০.১ মোলার তুঁতের দ্রবন তৈরী করতে কি পরিমাণ তুঁতে প্রয়োজন?,৪৯.৯,Chemistry,Chemistry
560,২৫০ ঘনসেমি ০.০১ মোলার নাইট্রিক এসিড দ্রবণে কত গ্রাম নাইট্রিক এসিড আছে?,০.১৬,Chemistry,Chemistry
561,২ লিটার ০.২ মোলার ক্যালসিয়াম বাই কার্বনেট দ্রবণে কি পরিমাণ ক্যালসিয়াম বাই কার্বনেট বিদ্যমান থাকে?,৬৪.৮০,Chemistry,Chemistry
562,সালফিউরিক এসিডের ৫০০ মিলি ০.২ মোলার দ্রবণের জন্য কত মোল দ্রব প্রয়োজন?,০.১০,Chemistry,Chemistry
563,১৭.৭৫ গ্রাম সোডিয়াম সালফেট ৪৫০ মিলি দ্রবণে দ্রবীভূত থাকলে দ্রবণের ঘনমত্রা কত?,০.২৭,Chemistry,Chemistry
564,২৫০ মিলি কস্টিক সোডার সেমি মোলার দ্রবণ হতে কি পরিমাণ সেন্টি মোলার দ্রবণ পাওয়া যাবে?,১২.৫০,Chemistry,Chemistry
565,১০০ গ্রাম চুনাপাথর থেকে কত লিটারের দ্রবণ প্রস্তুত করলে মোলারিটি ০.৫ মোলার হবে?,২,Chemistry,Chemistry
566,৫০০ মিলি দ্রবণে ১১৭ গ্রাম সোডিয়াম ক্লোরাইড থাকলে দ্রবণের মোলারিটি কত?,৪,Chemistry,Chemistry
567,৫০ গ্রাম খাবারের লবণ ২ লিটারের দ্রবণে দ্রবীভূত করলে কত মোলর দ্রবণ পাওয়া যাবে?,০.৪২,Chemistry,Chemistry
568,১০০ মিলি দ্রবণে ৯.৮ গ্রাম সালফিউরিক এসিড দ্রবীভূত থাকলে দ্রবণের মোলারিটি কত?,১,Chemistry,Chemistry
569,৫০০ মিলি দ্রবণে ২৪.৫ গ্রাম সালফিউরিক এসিড দ্রবীভূত থাকলে দ্রবণের ঘনমাত্রা কত?,০.৫০,Chemistry,Chemistry
570,৭৩ গ্রাম হাইড্রোক্লোরিক এসিড যদি ৪ লিটার দ্রবণে দ্রবীভূত করা হলে দ্রবণের মোলারিটি কত?,০.৫০,Chemistry,Chemistry
571,কত লিটার দ্রবণে ৪০ গ্রাম সোডিয়াম হাইড্রোক্সাইড থাকলে তার মোলারিটি ০.১ মোলার হবে?,১০,Chemistry,Chemistry
572,১০০ মিলি দ্রবণে ১০.৬ গ্রাম সোডা অ্যাস দ্রবীভূত থাকলে দ্রবণের ঘনমাত্রা কত?,১,Chemistry,Chemistry
573,২৫ গ্রাম সালফিউরিক এসিড ১০০ মিলি দ্রবণে দ্রবীভূত থাকলে দ্রবণের ঘনমাত্রা মোলারিটিতে কত?,২.৫৫,Chemistry,Chemistry
574,কার্বন ডাই অক্সাইডে কার্বনের পরিমাণ কত শতাংশ?,২৭.২৭,Chemistry,Chemistry
575,ফসফরিক এসিডে ফসফরাসের শতকরা পরিমাণ কত? ,৩১.৬৩,Chemistry,Chemistry
576,কার্বন মনো অক্সাইডে কার্বনের পরিমাণ কত শতাংশ?,৪২.৮৫,Chemistry,Chemistry
577,মিথেনে কার্বনের পরিমাণ কত শতাংশ?,৭৫,Chemistry,Chemistry
578,ইথেনে কার্বনের পরিমাণ কত শতাংশ?,৮০,Chemistry,Chemistry
579,সোডিয়াম হাইড্রোক্সাইড এ সোডিয়াম এর শতকরা সংযুতি কত?,৫৭.৫০,Chemistry,Chemistry
580,সালফিউরিক এসিডে সালফার এর সংযুতি কত?,৩২.৬৫,Chemistry,Chemistry
581,পারক্লোরিক এসিডে ক্লোরিনের সংযুতি কত?,৩৫.৩২,Chemistry,Chemistry
582,সোডিয়াম কার্বনেট যৌগে কার্বন মৌলটির শতকরা সংযুতি কত? ,১১.৩২,Chemistry,Chemistry
583,তুঁতে কেলাস পানির শতকরা সংযুক্তি কত?,৩৬.০৭,Chemistry,Chemistry
584,পানিতে হাইড্রোজেন এর শতকরা পরিমাণ কত?,১১.১১,Chemistry,Chemistry
585,পানিতে অক্সিজেন এর শতকরা সংযুতি কত?,৮৮.৮৮,Chemistry,Chemistry
586,হাইড্রোক্লোরিক এসিডে ক্লোরিনের শতকরা সংযুতি কত?,৯৭.২৬,Chemistry,Chemistry
587,ক্যালসিয়াম কার্বনেটে অক্সিজেনের শতকরা সংযুতি কত?,৪৮,Chemistry,Chemistry
588,অলিয়ামে সালফারের শতকরা সংযুতি কত?,৩৫.৯৫,Chemistry,Chemistry
589,সালফিউরাস এসিডে সালফার এর সংযুতি কত?,৩৯.০২,Chemistry,Chemistry
590,অ্যালুমিনিয়াম সালফেট যৌগে সালফার এর শতকরা সংযুতি কত?,২৮.০৭,Chemistry,Chemistry
591,৬ মোল অ্যামোনিয়া উৎপন্ন করতে কত মোল হাইড্রোজেন প্রয়োজন?,৯ ,Chemistry,Chemistry
592,৬৪ গ্রাম অক্সিজেন হতে সোডিয়াম অক্সাইড উৎপাদনের জন্য ৪৬ গ্রাম সোডিয়াম যোগ করা হলে অবশিষ্ট অক্সিজেন এর পরিমাণ কত?,৪৮,Chemistry,Chemistry
593,২ গ্রাম ম্যাগনেশিয়ামকে দহন করলে উৎপন্ন উৎপাদের পরিমাণ কি হবে?,৩.৩৩,Chemistry,Chemistry
594,১২ গ্রাম ম্যাগনেশিয়াম কত গ্রাম অক্সিজেনের সাথে বিক্রিয়া করবে?,৮,Chemistry,Chemistry
595,৪ গ্রাম ম্যাগনেশিয়াম ধাতু হতে কত গ্রাম ম্যাগনেশিয়াম অক্সাইড উৎপন্ন হবে?,৬.৬৬,Chemistry,Chemistry
596,হাইড্রোজেন ও অক্সিজেনের বিক্রিয়ায় ৯ গ্রাম পানি উৎপন্ন করতে কত গ্রাম অক্সিজেন প্রয়োজন?,৮,Chemistry,Chemistry
597,৬ মোল পানি উৎপন্ন করতে কত মোল অক্সিজেন প্রয়োজন?,৩,Chemistry,Chemistry
598,প্রমাণ তাপমাত্রা ও চাপে ৪ লিটার নাইট্রোজেন থেকে কত লিটার অ্যামোনিয়া পাওয়া যাবে? বিক্রিয়ক ও উৎপাদ সকল পদার্থ গ্যাসীয়।,৮,Chemistry,Chemistry
599,৬৫ গ্রাম জিংক কে পর্যাপ্ত বাতাসে দহন করলে কত গ্রাম জিংক অক্সাইড পাওয়া যাবে?,৮১,Chemistry,Chemistry
600,২৪ গ্রাম ম্যাগনেশিয়াম কে পর্যাপ্ত বাতাসে দহন করলে কত গ্রাম ম্যাগনেশিয়াম অক্সাইড পাওয়া যাবে?,৪০,Chemistry,Chemistry
601,২০ গ্রাম ম্যাগনেশিয়াম থেকে কত গ্রাম ম্যাগনেশিয়াম অক্সাইড উৎপন্ন হবে?,৩৩.৩৩,Chemistry,Chemistry
602,কার্বন ডাইঅক্সাইড অণু গঠনে ৩ গ্রাম অক্সিজেনের সাথে যুক্ত হবে?,৮,Chemistry,Chemistry
603,৫৬ গ্রাম ম্যাগনেশিয়াম থেকে কত গ্রাম ম্যাগনেশিয়াম অক্সাইড উৎপন্ন হবে?,৯৩.৩৩,Chemistry,Chemistry
604,৫ গ্রাম ম্যাগনেশিয়ামকে দহন করতে কত গ্রাম অক্সিজেন প্রয়োজন?,৩.৩৩,Chemistry,Chemistry
605,২০০ গ্রাম চুনাপাথরকে খোলা পাত্রে উত্তপ্ত করলে কি পরিমাণ ক্যালসিয়াম অক্সাইড পাওয়া যাবে?,১১২,Chemistry,Chemistry
606,১০ গ্রাম চুন তৈরীতে কত গ্রাম বিশুদ্ধ চুনাপাথর প্রয়োজন?,১৭.৮৫,Chemistry,Chemistry
607,২০ গ্রাম সোডিয়াম হাইড্রোক্সাইড এর সাথে বিক্রিয়া করার জন্য কত গ্রাম হাইড্রোক্লোরিক এসিড প্রয়োজন?,১৮.২৫,Chemistry,Chemistry
608,৪ গ্রাম হাইড্রোজেন ও ৭২ গ্রাম ফ্লোরিনের বিক্রিয়ায় কত গ্রাম উৎপাদ পাওয়া যাবে?,৭৫.৭৮,Chemistry,Chemistry
609,১২৫ গ্রাম তুঁতে থেকে কত গ্রাম কপার সালফেট উৎপন্ন হবে?,৭৯.৯০,Chemistry,Chemistry
610,১০০ মিলি দ্রবণে ০.৪ গ্রাম সোডিয়াম হাইড্রোক্সাইডের ঘনমাত্রা কত?,০.১০,Chemistry,Chemistry
611,২ লিটারে ৮০ গ্রাম সোডিয়াম হাইড্রোক্সাইড থাকলে ঘনমাত্রা কত?,১,Chemistry,Chemistry
612,১ লিটার ১ মোলার দ্রবণ প্রস্তুত করতে কি পরিমাণ ক্যালসিয়াম কার্বনেট প্রয়োজন?,১০০,Chemistry,Chemistry
613,১ লিটার ১ মোলার দ্রবণ প্রস্তুত করতে কি পরিমাণ নাইট্রিক এসিড প্রয়োজন ?, ৬৩,Chemistry,Chemistry
614,১ লিটার ১ মোলার দ্রবণ প্রস্তুত করতে কি পরিমাণ ইথানল প্রয়োজন?,৪৬,Chemistry,Chemistry
615,২ লিটার দ্রবণে কত গ্রাম ক্যালসিয়াম কার্বনেট যোগ করলে দ্রবণটি সেমিমোলার হবে?,১০০,Chemistry,Chemistry
616,২ লিটার দ্রবণে কত গ্রাম সোডিয়াম কার্বনেট যোগ করলে দ্রবণটি সেমিমোলার হবে?,১০৬,Chemistry,Chemistry
617,২ লিটার দ্রবণে কত গ্রাম সোডিয়াম ক্লোরাইড যোগ করলে দ্রবণটি সেমিমোলার হবে?,৫৮.৫০,Chemistry,Chemistry
618,১ লিটার ১ মোলার দ্রবণ প্রস্তুত করতে কি পরিমাণ সোডিয়াম হাইড্রোক্সাইড প্রয়োজন ?,৪০,Chemistry,Chemistry
619,সোডিয়াম হাইড্রোক্সাইড এ অক্সিজেন এর শতকরা সংযুতি কত?,৪০,Chemistry,Chemistry
620,গ্লুকোজ এ কার্বনের শতকরা পরিমাণ কত?,৪০,Chemistry,Chemistry
621,গ্লুকোজ এ অক্সিজেনের শতকরা পরিমাণ কত?,৫৩.৩৩,Chemistry,Chemistry
622,গ্লুকোজ এ হাইড্রোজেনের শতকরা পরিমাণ কত?,৬.৬৬,Chemistry,Chemistry
623,গ্লুকোজ এ মোট পরমানু কতটি?,২৪,Chemistry,Chemistry
624,২৪৯.৫ গ্রাম ব্লু ভিট্রিয়লকে উত্তপ্ত করে ১৫০ গ্রাম সাদা পাউডার পাওয়া গেল। উৎপাদের শতকরা পরিমাণ কত?,৯৪.১০,Chemistry,Chemistry
625,ক্লোরিক এসিডে হাইড্রোজেন এর শতকরা পরিমাণ কত?,১.১৮,Chemistry,Chemistry
626,ক্লোরিক এসিডে ক্লোরিনের এর শতকরা পরিমাণ কত?,৪২.০১,Chemistry,Chemistry
627,ক্লোরিক এসিডে অক্সিজেনের এর শতকরা পরিমাণ কত?,৫৬.৮০,Chemistry,Chemistry
628,০.২৫ মোল ম্যাগনেশিয়াম নাইট্রেটকে উত্তপ্ত করলে কত গ্রাম ম্যাগনেশিয়াম অক্সাইড তৈরী হয়?,১০,Chemistry,Chemistry
629,০.২৫ মোল ম্যাগনেশিয়াম নাইট্রেটকে উত্তপ্ত করলে কত গ্রাম অক্সিজেন তৈরী হয়?,৪,Chemistry,Chemistry
630,০.২৫ মোল ম্যাগনেশিয়াম নাইট্রেটকে উত্তপ্ত করলে উৎপন্ন নাইট্ৰোজেন ডাই অক্সাইড এর আয়তন কত?,১১.২০,Chemistry,Chemistry
631,ম্যাগনেশিয়াম নাইট্রেটে অক্সিজেনের শতকরা পরিমাণ কত?,৬৪.৮৬,Chemistry,Chemistry
632,১০ গ্রাম সোডিয়াম হাইড্রোক্সাইড এর সাথে ৫ গ্রাম কার্বন ডাইঅক্সাইড এর বিক্রিয়া সম্পন্ন করা হলো। উৎপন্ন লবণের পরিমাণ কত গ্রাম?,১২.০৪,Chemistry,Chemistry
633,১০ গ্রাম সোডিয়াম হাইড্রোক্সাইড এর সাথে ৫ গ্রাম কার্বন ডাইঅক্সাইড এর বিক্রিয়া সম্পন্ন করা হলো। বিক্রিয়া শেষে কত গ্রাম সোডিয়াম হাইড্রোক্সাইড অবশিষ্ট থাকবে?,০.৯০,Chemistry,Chemistry
634,কোনো একটি পাত্রে ৪০ গ্রাম সোডিয়াম ধাতু ও ৩৫.৫ গ্রাম ক্লোরিন গ্যাস রাখা হলো। উপযুক্ত পরিবেশে বিক্রিয়া ঘটিয়ে সোডিয়াম ক্লোরাইড তৈরী করা হলো। কত গ্রাম সোডিয়াম ক্লোরাইড উৎপন্ন হবে?,৫৮.৫০,Chemistry,Chemistry
635,কোনো একটি পাত্রে ৪০ গ্রাম সোডিয়াম ধাতু ও ৩৫.৫ গ্রাম ক্লোরিন গ্যাস রাখা হলো। উপযুক্ত পরিবেশে বিক্রিয়া ঘটিয়ে সোডিয়াম ক্লোরাইড তৈরী করা হলো। কত গ্রাম সোডিয়াম অবশিষ্ট থাকবে?,১৭,Chemistry,Chemistry
636,হাইড্রোক্লোরিক এসিড উৎপাদনের জন্য ১ গ্রাম হাইড্রোজেন এর সাথে ৭০ গ্রাম ক্লোরিন যোগ করা হলো। উৎপন্ন হাইড্রোক্লোরিক এসিড এর পরিমাণ কত গ্রাম?,৩৬.৫০,Chemistry,Chemistry
637,হাইড্রোক্লোরিক এসিড উৎপাদনের জন্য ১ গ্রাম হাইড্রোজেন এর সাথে ৭০ গ্রাম ক্লোরিন যোগ করা হলো। কত গ্রাম ক্লোরিন অবশিষ্ট থাকবে?,৩৪.৫০,Chemistry,Chemistry
638,একটি বিকারে ০.৫ লিটার দ্রবণে ৫৬ গ্রাম কস্টিক পটাশ দ্রবীভূত রয়েছে। দ্রবণটির ঘনমাত্রা কত?,২,Chemistry,Chemistry
639,একটি বিকারে ০.৫ লিটার দ্রবণে ৫৬ গ্রাম কস্টিক পটাশ দ্রবীভূত রয়েছে। দ্রবণে ১৮.২৫ গ্রাম হাইড্রোক্লোরিক এসিড যুক্ত করলে কি পরিমাণ কস্টিক পটাশ অবশিষ্ট থাকবে?,২৮,Chemistry,Chemistry
640,একটি বিকারে ০.৫ লিটার দ্রবণে ৫৬ গ্রাম কস্টিক পটাশ দ্রবীভূত রয়েছে। বিক্রিয়ায় উৎপন্ন লবনটির ভর কত?,৩৭.২৫,Chemistry,Chemistry
641,সালফিউরিক এসিডের ২০০ মিলি  এর ০.৫ মোলার দ্রবণ তৈরী করা হলো। দ্রবণে ১০ গ্রাম সোডিয়াম হাইড্রোক্সাইড যোগ করলে কত মোল লবণ উৎপন্ন হবে?,০.১০,Chemistry,Chemistry
642,সালফিউরিক এসিডের ২০০ মিলি  এর ০.৫ মোলার দ্রবণ তৈরী করা হলো। দ্রবণে ১০ গ্রাম সোডিয়াম হাইড্রোক্সাইড যোগ করলে কি পরিমাণ সোডিয়াম হাইড্রোক্সাইড দ্রবণে থেকে যাবে?,২,Chemistry,Chemistry
643,৫ গ্রাম হাইড্রোজেন গ্যাসের সাথে ৩০ গ্রাম নাইট্রোজেন গ্যাসের বিক্রিয়া করানো হলো। উৎপাদের মোট ভর কত? ,২৮.৩৩,Chemistry,Chemistry
644,৫ গ্রাম হাইড্রোজেন গ্যাসের সাথে ৩০ গ্রাম নাইট্রোজেন গ্যাসের বিক্রিয়া করানো হলো। কি পরিমাণ নাইট্রোজেন অবশিষ্ট থাকবে?,৬.৬৬,Chemistry,Chemistry
645,৫ গ্রাম হাইড্রোজেন গ্যাসের সাথে ৩০ গ্রাম নাইট্রোজেন গ্যাসের বিক্রিয়া করানো হলো। কত মোল নাইট্রোজেন অবশিষ্ট থাকবে?,০.২৩,Chemistry,Chemistry
646,নাইট্রোজেনের অক্সাইডে ২১ গ্রাম নাইট্রোজেন ও ৩৬ গ্রাম অক্সিজেন বিদ্যমান। উক্ত ভরের নাইট্রোজেনকে ৪ গ্রাম হাইড্রোজেনের সাথে বিক্রিয়া করলে অ্যামোনিয়া উৎপন্ন হয়। উক্ত বিক্রিয়ায় কত গ্রাম অ্যামোনিয়া উৎপন্ন হয়?,২২.৬৬,Chemistry,Chemistry
647,২০ গ্রাম সালফিউরিক এসিড ও ২০ গ্রাম সোডিয়াম হাইড্রোক্সাইড ১০০ মিলি দ্রবণে দ্রবীভূত আছে। উক্ত বিক্রিয়ায় কত গ্রাম উৎপাদ উৎপন্ন হবে?,২৮.৯৭,Chemistry,Chemistry
648,৫ গ্রাম কোক ও ৫ গ্রাম অক্সিজেন বিক্রিয়া করে কার্বন ডাই অক্সাইড প্রস্তুত করা হলো। বিক্রিয়া শেষে কত গ্রাম কোক অবশিষ্ট থাকবে?,৩.১২,Chemistry,Chemistry
649,একটি আবদ্ধ পাত্রে ১২ গ্রাম হাইড্রোজেনের সাথে ২৮ গ্রাম নাইট্রোজেন যোগ করা হলো। প্রমাণ অবস্থায় বিক্রিয়ায় উৎপন্ন যৌগের আয়তন কত?,৪৪.৮০,Chemistry,Chemistry
650,একটি আবদ্ধ পাত্রে ১২ গ্রাম হাইড্রোজেনের সাথে ২৮ গ্রাম নাইট্রোজেন যোগ করা হলো। পাত্রে কত গ্রাম হাইড্রোজেন অবশিষ্ট থাকে? ,৬,Chemistry,Chemistry
651,একটি আবদ্ধ পাত্রে ১২ গ্রাম হাইড্রোজেনের সাথে ২৮ গ্রাম নাইট্রোজেন যোগ করা হলো। পাত্রে কত গ্রাম নাইট্রোজেন অবশিষ্ট থাকে?,০,Chemistry,Chemistry
652,একটি আবদ্ধ পাত্রে ১২ গ্রাম হাইড্রোজেনের সাথে ২৮ গ্রাম নাইট্রোজেন যোগ করা হলো। উৎপন্ন অ্যামোনিয়ার পরিমাণ কত?,৩৪,Chemistry,Chemistry
653,প্রমাণ তাপমাত্রা ও চাপে ৫.৫ লিটার কার্বন ডাইঅক্সাইড গ্যাসের ভর কত?,১০.৮০,Chemistry,Chemistry
654,২৫০ মিলি ০.২ মোলার সোডিয়াম ক্লোরাইড দ্রবণে কত গ্রাম সোডিয়াম ক্লোরাইড আছে?,২.৯২,Chemistry,Chemistry
655,৭৫০ মিলি এ পটাশিয়াম কার্বনেট এর ০.১২৫ মোলার দ্রবণ তৈরী করা হলো। দ্রবণে কত মোল পটাশিয়াম কার্বনেট আছে?,০.০৯,Chemistry,Chemistry
656,১০০০ মিলি এ পটাশিয়াম কার্বনেট এর ০.১২৫ মোলার দ্রবণ তৈরী করা হলো। দ্রবণে কত গ্রাম পটাশিয়াম কার্বনেট আছে?,১৭.২৫,Chemistry,Chemistry
657,৫০০ মিলি এ পটাশিয়াম কার্বনেট এর ০.২ মোলার দ্রবণ তৈরী করা হলো। দ্রবণে কত গ্রাম পটাশিয়াম কার্বনেট আছে?,১৩.৮০,Chemistry,Chemistry
658,৭৫০ মিলি এ পটাশিয়াম কার্বনেট এর ০.১২৫ মোলার দ্রবণ তৈরী করা হলো। দ্রবণে হাইড্রোক্লোরিক এসিড চালনা করা হলে কত লিটার কার্বন ডাইঅক্সাইড উৎপন্ন হবে?,২.১০,Chemistry,Chemistry
659,৭৫০ মিলি এ পটাশিয়াম কার্বনেট এর ০.১২৫ মোলার দ্রবণ তৈরী করা হলো। দ্রবণে কত গ্রাম পটাশিয়াম কার্বনেট আছে?,১২.৯৩,Chemistry,Chemistry
660,৭৫০ মিলি এ পটাশিয়াম কার্বনেট এর ০.১২৫ মোলার দ্রবণ তৈরী করা হলো। দ্রবণে হাইড্রোক্লোরিক এসিড চালনা করা হলে কত গ্রাম কার্বন ডাইঅক্সাইড উৎপন্ন হবে?,৪.১২,Chemistry,Chemistry
661,১ গ্রাম হাইড্রোজেন ও ৮৫ গ্রাম ক্লোরিন বিক্রিয়া করে হাইড্রোক্লোরিক এসিড উৎপন্ন হলো। সর্বোচ্চ কি পরিমাণ ক্লোরিন হাইড্রোজেনের সাথে যুক্ত হবে?,৩৫.৫০,Chemistry,Chemistry
662,১ গ্রাম হাইড্রোজেন ও ৮৫ গ্রাম ক্লোরিন বিক্রিয়া করে হাইড্রোক্লোরিক এসিড উৎপন্ন হলো। বিক্রিয়া শেষে অবশিষ্ট ক্লোরিনের পরিমাণ কত?,৪৯.৫০,Chemistry,Chemistry
663,৫০ গ্রাম ফ্লোরিনকে ৪ গ্রাম হাইড্রোজেন গ্যাসের মধ্যে চালনা করা হলো। বিক্রিয়ায় বিক্ৰিয়াকৃত হাইড্রোজেন গ্যাসের আয়তন প্রমাণ অবস্থায় কত লিটার? ,২৯.৪৫,Chemistry,Chemistry
664,৫০ গ্রাম ফ্লোরিনকে ৪ গ্রাম হাইড্রোজেন গ্যাসের মধ্যে চালনা করা হলো। বিক্রিয়ায় কি পরিমাণ হাইড্রোজেন ফ্লোরিনের সাথে বিক্রিয়া করবে?,২.৬৩,Chemistry,Chemistry
665,৫০ গ্রাম ফ্লোরিনকে ৪ গ্রাম হাইড্রোজেন গ্যাসের মধ্যে চালনা করা হলো। বিক্রিয়ায় কি পরিমাণ ফ্লোরিন অবশিষ্ট থাকবে?,০,Chemistry,Chemistry
666,৪ গ্রাম ম্যাগনেশিয়ামের অক্সাইড তৈরির জন্য ২ গ্রাম ম্যাগনেশিয়াম এবং ২ গ্রাম অক্সিজেন গ্যাস উপযুক্ত পরিবেশে মিশ্রিত করা হলো। কিন্তু কাঙ্খিত পরিমাণ উৎপাদ পাওয়া গেলো না। বিক্রিয়ায় কত গ্রাম অক্সিজেন বিক্রিয়া করেছে?,১.৩৩,Chemistry,Chemistry
667,৫৬ গ্রাম ক্যালসিয়াম অক্সাইড উৎপন্ন করতে কত মোল অক্সিজেন প্রয়োজন?,০.৫০,Chemistry,Chemistry
668,৫৬ গ্রাম ক্যালসিয়াম অক্সাইড উৎপন্ন করতে কত মোল ক্যালসিয়াম প্রয়োজন?,১,Chemistry,Chemistry
669,৫৬ গ্রাম ক্যালসিয়াম অক্সাইড উৎপন্ন করতে কত গ্রাম অক্সিজেন প্রয়োজন?,১৬,Chemistry,Chemistry
670,১১২ গ্রাম ক্যালসিয়াম অক্সাইড উৎপন্ন করতে কত গ্রাম ক্যালসিয়াম প্রয়োজন?,৮০,Chemistry,Chemistry
671,২২৪ গ্রাম ক্যালসিয়াম অক্সাইড উৎপন্ন করতে কত মোল অক্সিজেন প্রয়োজন?,২,Chemistry,Chemistry
672,১৬৮ গ্রাম ক্যালসিয়াম অক্সাইড উৎপন্ন করতে কত মোল ক্যালসিয়াম প্রয়োজন?,৩,Chemistry,Chemistry
673,লিঙ্কনের খেলনার বাক্সে বাইনারি সংখ্যা পদ্ধতিতে প্রতিটি সংখ্যার প্রতিনিধিত্বকারী খেলনা রয়েছে। লিংকনের ভাইবোনদের জন্য আরও ৬টি খেলনা বাক্স রয়েছে। তাদের কত খেলনা আছে?,১৪,CS,CS
674,লিংকনের খেলনার বাক্সে বাইনারি সংখ্যা পদ্ধতিতে প্রতিটি সংখ্যার প্রতিনিধিত্বকারী খেলনা রয়েছে। লিংকনের ভাইবোনদের জন্য আরও ৫টি খেলনা বাক্স রয়েছে। তাদের কত খেলনা আছে?,১২,CS,CS
675,লিংকনের খেলনার বাক্সে বাইনারি সংখ্যা পদ্ধতিতে প্রতিটি সংখ্যার প্রতিনিধিত্বকারী খেলনা রয়েছে। লিংকনের ভাইবোনদের জন্য আরও ১১টি খেলনা বাক্স রয়েছে। তাদের কত খেলনা আছে?,২৪,CS,CS
676,লিংকনের খেলনার বাক্সে অক্টাল সংখ্যা পদ্ধতিতে প্রতিটি সংখ্যার প্রতিনিধিত্বকারী খেলনা রয়েছে। লিংকনের ভাইবোনদের জন্য আরও ৫টি খেলনা বাক্স রয়েছে। তাদের কত খেলনা আছে?,৪৮,CS,CS
677,লিংকনের খেলনার বাক্সে অক্টাল সংখ্যা পদ্ধতিতে প্রতিটি সংখ্যার প্রতিনিধিত্বকারী খেলনা রয়েছে। লিংকনের ভাইবোনদের জন্য আরও ১০টি খেলনা বাক্স রয়েছে। তাদের কত খেলনা আছে?,৮৮,CS,CS
678,লিংকনের খেলনার বাক্সে অক্টাল সংখ্যা পদ্ধতিতে প্রতিটি সংখ্যার প্রতিনিধিত্বকারী খেলনা রয়েছে। লিংকনের ভাইবোনদের জন্য আরও ৭টি খেলনা বাক্স রয়েছে। তাদের কত খেলনা আছে?,৬৪,CS,CS
679,লিংকনের খেলনার বাক্সে হেক্সাডেসিম্যাল সংখ্যা পদ্ধতিতে প্রতিটি সংখ্যার প্রতিনিধিত্বকারী খেলনা রয়েছে। লিংকনের ভাইবোনদের জন্য আরও ৩টি খেলনা বাক্স রয়েছে। তাদের কত খেলনা আছে?,৬৪,CS,CS
680,লিংকনের খেলনার বাক্সে হেক্সাডেসিম্যাল সংখ্যা পদ্ধতিতে প্রতিটি সংখ্যার প্রতিনিধিত্বকারী খেলনা রয়েছে। লিংকনের ভাইবোনদের জন্য আরও ৫টি খেলনা বাক্স রয়েছে। তাদের কত খেলনা আছে?,৯৬,CS,CS
681,লিংকনের খেলনার বাক্সে হেক্সাডেসিম্যাল সংখ্যা পদ্ধতিতে প্রতিটি সংখ্যার প্রতিনিধিত্বকারী খেলনা রয়েছে। লিংকনের ভাইবোনদের জন্য আরও ৪টি খেলনা বাক্স রয়েছে। তাদের কত খেলনা আছে?,৮০,CS,CS
682,রহিম বললো যে তার কাছে ৪৫টি (অক্টালে) কলা ছিলো কিন্তু সে করিমকে ১০টি (ডেসিম্যাল) দিয়ে দিলো। আমাদের সংখ্যা পদ্ধতিতে তার নিকট আর কয়টা কলা থাকবে?,২৭,CS,CS
683,রহিম বললো যে তার কাছে ৪৫টি (অক্টালে) কলা ছিলো কিন্তু সে করিমকে ১১ টি (বাইনারিতে) দিয়ে দিলো। আমাদের সংখ্যা পদ্ধতিতে তার নিকট আর কয়টা কলা থাকবে?,৩৪,CS,CS
684,রহিম বললো যে তার কাছে ৬৭টি (অক্টালে) কলা ছিলো কিন্তু সে করিমকে ১০১ টি (বাইনারিতে) দিয়ে দিলো। আমাদের সংখ্যা পদ্ধতিতে তার নিকট আর কয়টা কলা থাকবে?,৫০,CS,CS
685,রহিম বললো যে তার কাছে ৭৭টি (অক্টালে) কলা ছিলো কিন্তু সে করিমকে ১০০০ টি (বাইনারিতে) দিয়ে দিলো। আমাদের সংখ্যা পদ্ধতিতে তার নিকট আর কয়টা কলা থাকবে?,৫৫,CS,CS
686,রহিম বললো যে তার কাছে ৮৫টি (হেক্সাডেসিম্যালে) কলা ছিলো কিন্তু সে করিমকে ১০টি (ডেসিম্যাল) দিয়ে দিলো। আমাদের সংখ্যা পদ্ধতিতে তার নিকট আর কয়টা কলা থাকবে?,১২৩,CS,CS
687,রাসেল বললো যে তার কাছে ৪৫২টি (হেক্সাডেসিম্যালে) কলা ছিলো কিন্তু সে করিমকে ৯টি(হেক্সাডেসিম্যালে) দিয়ে দিলো। হেক্সাডেসিম্যাল সংখ্যা পদ্ধতিতে তার নিকট আর কয়টা কলা থাকবে?,৪৪৯,CS,CS
688,রাসেল বললো যে তার কাছে ৪৫২টি (হেক্সাডেসিম্যালে) কলা ছিলো কিন্তু সে করিমকে ১০০০ (অক্টালে) টি  দিয়ে দিলো। আমাদের সংখ্যা পদ্ধতিতে তার নিকট আর কয়টা কলা থাকবে?,৫৯৪,CS,CS
689,রাসেল বললো যে তার কাছে ৭৭টি (হেক্সাডেসিম্যালে) কলা ছিলো কিন্তু সে করিমকে ১০০০০ টি (বাইনারিতে) দিয়ে দিলো। আমাদের সংখ্যা পদ্ধতি অনুযায়ী প্রথমে তার নিকট কয়টা কলা ছিল?,১১৯,CS,CS
690,রাসেল বললো যে তার কাছে ৭৭টি (হেক্সাডেসিম্যালে) কলা ছিলো কিন্তু সে করিমকে ১০০০০ টি (বাইনারিতে) দিয়ে দিলো। আমাদের সংখ্যা পদ্ধতি অনুযায়ী তার নিকট আর কয়টা কলা থাকবে?,১০৩,CS,CS
691,রাসেল বললো যে তার কাছে ৬৭টি (হেক্সাডেসিম্যালে) কলা ছিলো। সে করিম থেকে আরো ১০০০০ টি (বাইনারিতে) কলা নিয়ে নিল। আমাদের সংখ্যা পদ্ধতি অনুযায়ী তার নিকট কয়টা কলা থাকবে?,১১৯,CS,CS
692,পাভেল বললো যে তার কাছে ১০০১০টি (বাইনারি) কলা ছিলো। সে করিম থেকে আরো ১০০০০ টি (বাইনারিতে) কলা নিয়ে নিল। আমাদের সংখ্যা পদ্ধতি অনুযায়ী তার নিকট কয়টা কলা থাকবে?,৩৪,CS,CS
693,পাভেল বললো যে তার কাছে ১০০০০০টি (বাইনারি) কলা ছিলো। সে ১০০০ (বাইনারিতে) জনের মাঝে কলা গুলো ভাগ করে দিলো। আমাদের সংখ্যা পদ্ধতি অনুযায়ী প্রত্যেকে কয়টি করে কলা পাবে?,৪,CS,CS
694,পাভেল বললো যে তার কাছে ১১০১০টি (বাইনারি) কলা ছিলো। সে ১১০১ (বাইনারিতে) জনের মাঝে কলা গুলো ভাগ করে দিলো। আমাদের সংখ্যা পদ্ধতি অনুযায়ী প্রত্যেকে কয়টি করে কলা পাবে?,২,CS,CS
695,পাভেল বললো যে তার কাছে ১০০টি (হেক্সাডেসিম্যালে) কলা ছিলো। সে ১০ (হেক্সাডেসিম্যালে) জনের মাঝে কলা গুলো ভাগ করে দিলো। আমাদের সংখ্যা পদ্ধতি অনুযায়ী প্রত্যেকে কয়টি করে কলা পাবে?,১৬,CS,CS
696,হাসান বললো যে তার কাছে ৯৮টি (হেক্সাডেসিম্যালে) কলা ছিলো। সে ২৬(হেক্সাডেসিম্যালে) জনের মাঝে কলা গুলো ভাগ করে দিলো। আমাদের সংখ্যা পদ্ধতি অনুযায়ী প্রত্যেকে কয়টি করে কলা পাবে?,৪,CS,CS
697,হাসান বললো যে তার কাছে ৯৬টি (হেক্সাডেসিম্যালে) কলা ছিলো। সে ১৭ (অক্টালে) জনের মাঝে কলা গুলো ভাগ করে দিলো। আমাদের সংখ্যা পদ্ধতি অনুযায়ী প্রত্যেকে কয়টি করে কলা পাবে?,১০,CS,CS
698,হাসান বললো যে তার কাছে ৪৬টি (হেক্সাডেসিম্যালে) কলা ছিলো। সে ১২ (অক্টালে) জনের মাঝে কলা গুলো ভাগ করে দিলো। বাইনারি সংখ্যা পদ্ধতি অনুযায়ী প্রত্যেকে কয়টি করে কলা পাবে?,১১১,CS,CS
699,বিপাশার ক্লাসে ২৫(অক্টালে) জন শিক্ষার্থী আছে। প্রত্যেকের কাছে ১৫(অক্টালে) টি করে বই আছে। আমাদের সংখ্যা পদ্ধতি অনুযায়ী তাদের সবার মোট কয়টি বই আছে?,২৭৩,CS,CS
700,বিপাশার ক্লাসে ৫০(অক্টালে) জন শিক্ষার্থী আছে। প্রত্যেকের কাছে ১০(হেক্সাডেসিম্যালে) টি করে বই আছে। আমাদের সংখ্যা পদ্ধতি অনুযায়ী তাদের সবার মোট কয়টি বই আছে?,৬৪০,CS,CS
701,বিপাশার ক্লাসে ২৫০(অক্টালে) জন শিক্ষার্থী আছে। প্রত্যেকের কাছে ১১(হেক্সাডেসিম্যালে) টি করে বই আছে। আমাদের সংখ্যা পদ্ধতি অনুযায়ী তাদের সবার মোট কয়টি বই আছে?,২৮৫৬,CS,CS
702,বিপাশার ক্লাসে ১৩(অক্টালে) জন শিক্ষার্থী আছে। প্রত্যেকের কাছে ৫৬(হেক্সাডেসিম্যালে) টি করে কলম আছে। ডেসিম্যাল সংখ্যা পদ্ধতি অনুযায়ী তাদের সবার মোট কয়টি কলম আছে?,৯৪৬,CS,CS
703,কাউছারের ক্লাসে ১৪৫(অক্টালে) জন শিক্ষার্থী আছে। প্রত্যেকের কাছে ১০০১(বাইনারি) টি করে কলম আছে। তাদের সবার মোট কয়টি (ডেসিম্যালে) কলম আছে?,৯০৯,CS,CS
704,কাউছারের ক্লাসে ১১১১০(বাইনারি) জন শিক্ষার্থী আছে। প্রত্যেকের কাছে ৩১(হেক্সাডেসিম্যালে) টি করে কলম আছে। তাদের সবার মোট কয়টি (ডেসিম্যালে) কলম আছে?,১৪৭০,CS,CS
705,কাউছারের ক্লাসে ১০১১১০(বাইনারি) জন শিক্ষার্থী আছে। প্রত্যেকের কাছে ৮৮(হেক্সাডেসিম্যালে) টি করে কলম আছে। তাদের সবার মোট কয়টি (ডেসিম্যালে) কলম আছে?,৬২৫৬,CS,CS